product,quantity,volume,price
WOODLUXE STAIN REM,30,quart,29.75
WOODLUXE RESTORE -,30,quart,24.52
WOODLUXE BR-NEU,42,quart,22.56
WOODLUXE CLEAN,5,quart,22.13
FS INT ALK PRIMER -WHITE,24,quart,39.52
FS INT ALK PRIMER -WHITE,40,gallon,15.41
FS INT ALK PRIMER -WHITE,35,,190.40
FS INT ALK PRIMER -DEEP CL BS,45,quart,36.53
FS INT ALK PRIMER -DEEP CL BS,41,gallon,14.24
FS HI HIDING PRIMER -WHITE,5,quart,31.85
FS HI HIDING PRIMER -WHITE,33,gallon,12.42
FS HI HIDING PRIMER -WHITE,12,,153.12
FS HI HIDING PRIMER -DEEP BASE,29,quart,29.29
FS HI HIDING PRIMER -DEEP BASE,26,gallon,11.43
FS HI HIDING PRIMER -DEEP BASE,15,,140.33
BM INT/EXT MP PRIMER -WHITE,16,quart,22.48
BM INT/EXT MP PRIMER -WHITE,16,,99.46
FS DECK SIDNG PRIMER-WHITE,9,quart,40.70
FS DECK SIDNG PRIMER-WHITE,7,gallon,16.27
FS DECK SIDNG PRIMER-WHITE,44,,191.98
FS DECK SIDNG PRIMER-DEEP BASE,28,quart,35.89
FS DECK SIDNG PRIMER-DEEP BASE,12,gallon,14.35
LATEX FLOOR & PATIO-WHITE,7,quart,48.20
LATEX FLOOR & PATIO-WHITE,16,gallon,17.36
LATEX FLOOR & PATIO-BASE 1,39,quart,46.76
LATEX FLOOR & PATIO-BASE 1,34,gallon,16.32
LATEX FLOOR & PATIO-BASE 2,21,quart,43.83
LATEX FLOOR & PATIO-BASE 2,11,gallon,16.34
LATEX FLOOR & PATIO-BASE 3,42,quart,39.60
LATEX FLOOR & PATIO-BASE 3,26,gallon,14.64
LATEX FLOOR & PATIO-BASE 4,39,quart,36.28
LATEX FLOOR & PATIO-BASE 4,18,gallon,13.06
LATEX FLOOR & PATIO-LIGHT GRAY,26,quart,48.20
LATEX FLOOR & PATIO-DECK GRAY,23,quart,48.20
LATEX FLOOR & PATIO-PLAT GRAY,6,quart,48.20
GRAND ENTRANCE SATN-WHITE,33,gallon,35.16
COLOR SAMPLE -BASE 1,44,,2.86
COLOR SAMPLE -BASE 2,20,,2.78
COLOR SAMPLE -BASE 3,17,,2.58
COLOR SAMPLE -BASE 4,41,,2.47
GENNEX WB CLRNT -THALO BLUE,41,gallon,28.73
GENNEX WB CLRNT -THALO GRN,30,gallon,28.73
GENNEX WB CLRNT -MAGENTA,5,gallon,28.73
GENNEX WB CLRNT -ORANGE,34,gallon,28.73
GENNEX WB CLRNT -RED TONER,13,gallon,28.73
GENNEX WB CLRNT -ORGANIC RD,45,gallon,28.73
GENNEX WB CLRNT -OXIDE RED,14,gallon,28.73
GENNEX WB CLRNT -BLACK,45,quart,114.93
GENNEX WB CLRNT -BLACK,12,gallon,28.73
GENNEX WB CLRNT -GRAY,37,gallon,28.73
GENNEX WB CLRNT -WHITE,25,quart,114.93
GENNEX WB CLRNT -WHITE,27,gallon,28.73
GENNEX WB CLRNT -ORG YELL 1,15,gallon,28.73
GENNEX WB CLRNT -ORG YELL 2,42,gallon,28.73
GENNEX WB CLRNT -OXIDE YELL,40,quart,114.93
GENNEX WB CLRNT -OXIDE YELL,42,gallon,28.73
COLORANT -WHITE,6,gallon,28.93
COLORANT -GREEN,8,gallon,28.93
COLORANT -BLUE,33,gallon,28.93
COLORANT -MAGENTA,43,gallon,28.93
COLORANT -RED,33,gallon,28.93
COLORANT -ORANGE,5,gallon,28.93
COLORANT -YELLOW,22,gallon,28.93
COLORANT -OXIDE YELL,33,gallon,28.93
COLORANT -RED OXIDE,31,gallon,28.93
COLORANT -BROWN,42,gallon,28.93
COLORANT -BLACK,44,gallon,28.93
COLORANT -GRAY,34,gallon,28.93
BM BLOCK FILLER -WHITE,28,,64.78
SUPER SPEC UN&PRSLR-DEEP BASE,40,quart,18.30
MURESCO CEILING WH -,5,quart,26.74
MURESCO CEILING WH -,27,gallon,10.17
MURESCO CEILING WH -,24,,132.23
MURESCO CEILING WH -CLASSIC WH,25,quart,26.74
MURESCO CEILING WH -CLASSIC WH,42,,132.23
SUPER SPEC LATEX FL-PASTEL BSE,14,,109.13
SUPER SPEC LATEX FL-DEEP BASE,12,,92.92
SUPER SPEC LATEX FL-CHINA WH,34,,116.79
SUPER SPEC LATEX SG-MEDIUM BSE,44,,131.05
SUPER SPEC LATEX SG-LINEN WH,33,,145.63
SUPER SPEC LATEX SG-NAVAJO WH,23,,145.63
SUPER SPEC PEARL -MEDIUM BSE,16,,131.05
SUPER SPEC PEARL -DEEP BASE,34,quart,27.77
SUPER SPEC PEARL -DEEP BASE,35,,121.76
SUPER SPEC PEARL -ULTRA BASE,30,quart,26.05
SUPER HIDE LAT FLAT-WHITE,32,quart,20.33
SUPER HIDE LAT FLAT-WHITE,10,,76.91
SUPER HIDE LAT FLAT-BONE WHITE,10,quart,20.33
SUPER HIDE LAT FLAT-BONE WHITE,44,,76.91
SUPER HIDE LAT FLAT-CEIL WHITE,16,quart,20.33
SUPER HIDE LAT FLAT-CEIL WHITE,27,,76.91
SUPER HIDE LAT FLAT-PASTEL BSE,29,quart,19.60
SUPER HIDE LAT FLAT-PASTEL BSE,5,,76.01
SUPER HIDE LAT FLAT-MEDIUM BSE,30,quart,17.66
SUPER HIDE LAT FLAT-MEDIUM BSE,9,,64.48
SUPER HIDE LAT FLAT-DEEP BASE,45,quart,15.81
SUPER HIDE LAT FLAT-DEEP BASE,37,,57.17
SUPER HIDE LAT FLAT-ULTRA BASE,44,quart,14.40
SUPER HIDE LAT FLAT-ULTRA BASE,12,,50.13
SUPER HIDE LAT FLAT-LINEN WH,18,quart,20.33
SUPER HIDE LAT FLAT-LINEN WH,29,,76.91
SUPER HIDE LAT FLAT-NAVAJO WH,15,quart,20.33
SUPER HIDE LAT FLAT-NAVAJO WH,18,,76.91
SUPER HIDE LAT FLAT-CHINA WH,8,quart,20.33
SUPER HIDE LAT FLAT-CHINA WH,22,,76.91
SUPER HIDE LAT FLAT-ATRIUM WH,6,quart,20.33
SUPER HIDE LAT FLAT-ATRIUM WH,16,,76.91
SUPER HIDE LATEX SG-WHITE,33,quart,27.32
SUPER HIDE LATEX SG-WHITE,6,,115.90
SUPER HIDE LATEX SG-BONE WHITE,14,quart,27.32
SUPER HIDE LATEX SG-BONE WHITE,45,,115.90
SUPER HIDE LATEX SG-PASTEL BSE,22,quart,26.57
SUPER HIDE LATEX SG-PASTEL BSE,5,,115.01
SUPER HIDE LATEX SG-MEDIUM BSE,13,quart,24.64
SUPER HIDE LATEX SG-MEDIUM BSE,31,,103.49
SUPER HIDE LATEX SG-DEEP BASE,14,quart,22.80
SUPER HIDE LATEX SG-DEEP BASE,22,,96.14
SUPER HIDE LATEX SG-ULTRA BASE,14,quart,21.40
SUPER HIDE LATEX SG-ULTRA BASE,40,,89.15
SUPER HIDE LATEX SG-LINEN WH,30,quart,27.32
SUPER HIDE LATEX SG-LINEN WH,35,,115.90
SUPER HIDE LATEX SG-NAVAJO WH,14,quart,27.32
SUPER HIDE LATEX SG-NAVAJO WH,17,,115.90
SUPER HIDE LATEX SG-CHINA WH,43,quart,27.32
SUPER HIDE LATEX SG-CHINA WH,13,,115.90
SUPER HIDE LATEX SG-ATRIUM WH,20,quart,27.32
SUPER HIDE LATEX SG-ATRIUM WH,31,,115.90
COMPOSITE DECK CLNR- EA,45,,19.52
PREM EXT ST FIN REM- 1G,44,quart,32.62
PREM EXT ST BR/NTRL- 1G,22,quart,23.24
PREM EXT TRANSLUCEN-NATURAL,35,,163.32
PREM EXT TRANSLUCEN-REDWOOD,17,quart,32.97
PREM EXT TRANSLUCEN-TEAK,37,quart,32.97
PREM EXT TRANSLUCEN-CEDAR,24,quart,32.97
PREM EXT TRANSLUCEN-MAHOGANY,13,quart,32.97
PREM EXT TRANSLUCEN-SILVER GRY,19,quart,32.97
VINYL LATEX -FLAT BLACK,32,quart,26.13
VINYL LATEX -FLAT BLACK,12,,129.13
PREM EXT ST ALK S/T-TINT BASE,17,gallon,10.65
PREM EXT ST AL S/S -TINT BASE,28,quart,34.02
PREM EXT ST AL S/S -TINT BASE,19,gallon,11.79
BM PRO KNOCKDOWN FL-WHITE,39,,106.75
BM ACR KNOCKDOW SAT-WHITE,44,,120.70
SUPERHIDE ZERO PRIM-WHITE,7,quart,16.05
SUPERHIDE ZERO PRIM-WHITE,29,,80.22
SUPERHIDE ZERO FLAT-WHITE,45,quart,17.12
SUPERHIDE ZERO FLAT-WHITE,22,,85.62
SUPERHIDE ZERO FLAT-BONE WHITE,43,quart,17.12
SUPERHIDE ZERO FLAT-BONE WHITE,31,,85.62
SUPERHIDE ZERO FLAT-CEILING WH,43,quart,17.12
SUPERHIDE ZERO FLAT-CEILING WH,33,,85.62
SUPERHIDE ZERO FLAT-TINT WHITE,27,quart,16.11
SUPERHIDE ZERO FLAT-TINT WHITE,9,,80.55
SUPERHIDE ZERO FLAT-BASE 2,20,quart,13.78
SUPERHIDE ZERO FLAT-BASE 2,32,,68.83
SUPERHIDE ZERO FLAT-BASE 3,24,quart,11.92
SUPERHIDE ZERO FLAT-BASE 3,21,,57.35
SUPERHIDE ZERO FLAT-LINEN WH,34,quart,17.12
SUPERHIDE ZERO FLAT-LINEN WH,26,,85.62
SUPERHIDE ZERO FLAT-NAVAJO WH,31,quart,17.12
SUPERHIDE ZERO FLAT-NAVAJO WH,12,,85.62
SUPERHIDE ZERO FLAT-CHINA WH,35,quart,17.12
SUPERHIDE ZERO FLAT-CHINA WH,17,,85.62
SUPERHIDE ZERO LS -WHITE,21,quart,20.05
SUPERHIDE ZERO LS -WHITE,26,,100.27
SUPERHIDE ZERO LS -TINT WHITE,33,quart,18.90
SUPERHIDE ZERO LS -TINT WHITE,42,,94.44
SUPERHIDE ZERO LS -BASE 2,22,quart,16.06
SUPERHIDE ZERO LS -BASE 2,30,,80.24
SUPERHIDE ZERO LS -BASE 3,18,quart,13.65
SUPERHIDE ZERO LS -BASE 3,11,,67.29
SUPERHIDE ZERO EGGS-WHITE,17,quart,20.05
SUPERHIDE ZERO EGGS-WHITE,37,,100.27
SUPERHIDE ZERO EGGS-BONE WHITE,6,,100.27
SUPERHIDE ZERO EGGS-TINT WHITE,18,quart,18.90
SUPERHIDE ZERO EGGS-TINT WHITE,45,,94.83
SUPERHIDE ZERO EGGS-BASE 2,43,quart,16.06
SUPERHIDE ZERO EGGS-BASE 2,35,,80.24
SUPERHIDE ZERO EGGS-BASE 3,38,quart,13.46
SUPERHIDE ZERO EGGS-BASE 3,30,,61.06
SUPERHIDE ZERO EGGS-LINEN WH,7,quart,20.05
SUPERHIDE ZERO EGGS-NAVAJO WH,14,quart,20.05
SUPERHIDE ZERO EGGS-NAVAJO WH,39,,100.27
SUPERHIDE ZERO SEMI-WHITE,7,quart,22.39
SUPERHIDE ZERO SEMI-WHITE,5,,111.92
SUPERHIDE ZERO SEMI-BONE WHITE,29,quart,22.39
SUPERHIDE ZERO SEMI-BONE WHITE,27,,111.92
SUPERHIDE ZERO SEMI-TINT WHITE,7,quart,21.22
SUPERHIDE ZERO SEMI-TINT WHITE,26,,106.08
SUPERHIDE ZERO SEMI-BASE 2,8,quart,18.39
SUPERHIDE ZERO SEMI-BASE 2,24,,91.89
SUPERHIDE ZERO SEMI-BASE 3,37,quart,15.75
SUPERHIDE ZERO SEMI-BASE 3,7,,75.17
SUPERHIDE ZERO SEMI-LINEN WH,11,quart,22.39
SUPERHIDE ZERO SEMI-LINEN WH,26,,111.92
SUPERHIDE ZERO SEMI-NAVAJO WH,5,quart,22.39
SUPERHIDE ZERO SEMI-NAVAJO WH,29,,111.92
SUPERHIDE ZERO SEMI-CHINA WH,5,quart,22.39
SUPERHIDE ZERO SEMI-CHINA WH,16,,111.92
US MSRY ELAST FLAT -WHITE,16,quart,32.25
US MSRY ELAST FLAT -WHITE,17,,147.14
US MSRY ELAST FLAT -BASE 1,21,quart,31.39
US MSRY ELAST FLAT -BASE 1,42,,142.85
US MSRY ELAST FLAT -BASE 2,10,quart,28.35
US MSRY ELAST FLAT -BASE 2,12,,131.53
US MSRY ELAST FLAT -BASE 3,9,quart,24.90
US MSRY ELAST FLAT -BASE 3,36,,111.32
ULTR MASON ELAS COAT FLAT BASE,43,quart,22.13
ULTR MASON ELAS COAT FLAT BASE,17,,101.23
US MSRY ELAST LL -WHITE,21,quart,34.94
US MSRY ELAST LL -WHITE,23,,160.64
US MSRY ELAST LL -BASE 1,29,quart,33.53
US MSRY ELAST LL -BASE 1,40,,153.60
US MSRY ELAST LL -BASE 2,18,quart,32.18
US MSRY ELAST LL -BASE 2,23,,146.86
US MSRY ELAST LL -BASE 3,14,quart,29.36
US MSRY ELAST LL -BASE 3,38,,132.65
US MSRY ELAST LL -BASE 4,23,quart,24.96
US MSRY ELAST LL -BASE 4,45,,110.68
BM DRYWALL PRIMER -WHITE,37,quart,18.54
BM DRYWALL PRIMER -WHITE,33,,82.22
BM DRYFALL LTX FLAT-WHITE,31,,76.18
BM DRYFALL LTX FLAT-BASE 1,13,,74.81
BM DRYFALL LTX FLAT-BASE 2,44,,57.46
BM DRYFALL LTX FLAT-BASE 3,10,,33.38
BM DRYFALL LTX FLAT-BASE 4,5,,22.68
BM DRYFALL LTX FLAT-BLACK,26,,76.18
PROF DRYFALL LTX EG-WHITE,12,,93.22
PROF DRYFALL LTX EG-BASE 1,41,,91.39
BM DRYFALL LTX SEMI-WHITE,15,,106.22
BM DRYFALL LTX SEMI-BASE 1,40,,104.41
ULTRASPEC EXT SOLID-BASE 1,39,quart,28.17
ULTRASPEC EXT SOLID-BASE 1,23,,126.83
ULTRASPEC EXT SOLID-BASE 2,14,quart,25.40
ULTRASPEC EXT SOLID-BASE 2,35,,112.99
ULTRASPEC EXT SOLID-BASE 3,6,quart,19.19
ULTRASPEC EXT SOLID-BASE 3,5,,81.86
ULTRASPEC EXT SOLID-BASE 4,10,quart,17.45
ULTRASPEC EXT SOLID-BASE 4,18,,73.21
MASONRY ACR SATIN -WHITE,40,,146.56
ECOSPEC SILVER FLAT-WHITE,9,quart,43.57
ECOSPEC SILVER FLAT-BASE 1,13,,182.45
ECOSPEC SILVER FLAT-BASE 2,35,quart,39.58
ECOSPEC SILVER FLAT-BASE 3,42,quart,33.52
ECOSPEC SILVER FLAT-BASE 4,35,quart,31.58
ECOSPEC SILVER EGGS-WHITE,11,quart,43.57
ECOSPEC SILVER EGGS-BASE 3,6,quart,33.52
ECOSPEC SILVER SEMI-BASE 1,8,quart,41.61
ECOSPEC SILVER SEMI-BASE 2,21,quart,39.58
ULTR SPEC SCUFF-X INT MATT-WHI,34,quart,46.99
ULTR SPEC SCUFF-X INT MATT-WHI,26,,220.48
ULTR SPEC SCUFF-X IN MAT-BASE ,8,quart,45.16
ULTR SPEC SCUFF-X IN MAT-BASE ,31,,211.37
ULTR SPEC SCUFF-X IN MAT-BASE ,18,quart,43.34
ULTR SPEC SCUFF-X IN MAT-BASE ,29,,202.25
ULTR SPEC SCUFF-X IN MAT-BASE ,31,quart,37.87
ULTR SPEC SCUFF-X IN MAT-BASE ,43,,174.94
ULTR SPEC SCUFF-X IN MAT-BASE ,10,quart,36.06
ULTR SPEC SCUFF-X IN MAT-BASE ,40,,165.82
ULTRA SPEC SCUFF-X INT EG-WHIT,36,quart,48.02
ULTRA SPEC SCUFF-X INT EG-WHIT,32,,225.69
ULTR SPEC SCUFF-X INT E/S-BASE,8,quart,46.20
ULTR SPEC SCUFF-X INT E/S-BASE,37,quart,44.38
ULTR SPEC SCUFF-X INT E/S-BASE,9,,207.46
ULTR SPEC SCUFF-X INT E/S-BASE,36,quart,38.88
ULTR SPEC SCUFF-X INT E/S-BASE,14,,180.14
ULTR SPEC SCUFF-X IN EGG-BASE ,13,quart,37.09
ULTR SPEC SCUFF-X INT E/S-BASE,6,,171.02
ULTRA SPEC SCUFF-X INT STN-WHI,6,quart,49.06
ULTRA SPEC SCUFF-X INT STN-WHI,45,,230.80
ULTR SPEC SCUFF-X IN STN-BASE ,26,quart,47.23
ULTR SPEC SCUFF-X IN STN-BASE ,20,quart,45.41
ULTR SPEC SCUFF-X IN STN-BASE ,41,,212.58
ULTR SPEC SCUFF-X IN STN-BASE ,22,quart,39.95
ULTR SPEC SCUFF-X IN STN-BASE ,33,,185.27
ULTR SPEC SCUFF-X IN STN-BASE ,28,quart,38.13
ULTR SPEC SCUFF-X IN STN-BASE ,8,,176.16
ULTRA SPEC SCUFF-X INT SG-WHIT,33,quart,50.31
ULTRA SPEC SCUFF-X INT SG-WHIT,15,,237.05
ULTRA SPEC SCUFF-X INT SG-BASE,6,,227.70
ULTRA SPEC SCUFF-X INT SG-BASE,36,quart,46.57
ULTRA SPEC SCUFF-X INT SG-BASE,8,,218.37
ULTRA SPEC SCUFF-X INT SG-BASE,35,quart,40.98
ULTRA SPEC SCUFF-X INT SG-BASE,13,,190.41
ULTRA SPEC SCUFF-X INT SG-BASE,33,quart,39.11
ULTRA SPEC SCUFF-X INT SG-BASE,12,,181.07
BM FAST SAND PRIMER -WHITE,42,quart,27.54
BM FAST SAND PRIMER -WHITE,35,,121.72
WATERBORNE CEILING -CEILING WH,40,quart,33.30
WATERBORNE CEILING -CEILING WH,40,gallon,13.32
WATERBORNE CEILING -CEILING WH,31,,164.82
WATERBORNE CEILING -BASE 1,39,quart,32.06
WATERBORNE CEILING -BASE 1,38,gallon,12.99
WATERBORNE CEILING -BASE 1,16,,158.59
WATERBORNE CEILING -BASE 2,24,quart,29.78
WATERBORNE CEILING -BASE 2,36,gallon,12.43
WATERBORNE CEILING -BASE 3,35,quart,24.19
WATERBORNE CEILING -BASE 3,11,gallon,10.22
WATERBORNE CEILING -BASE 4,6,quart,22.76
WATERBORNE CEILING -BASE 4,33,gallon,9.79
PAINT EXTENDER 1G,16,quart,25.63
PAINT EXTENDER QT,42,gallon,10.25
AURA BATH & SPA MAT-BASE 1,36,quart,50.21
AURA BATH & SPA MAT-BASE 1,15,gallon,17.06
AURA BATH & SPA MAT-BASE 2,29,quart,46.63
AURA BATH & SPA MAT-BASE 2,12,gallon,15.84
AURA BATH & SPA MAT-BASE 3,15,quart,39.58
AURA BATH & SPA MAT-BASE 3,12,gallon,13.46
AURA BATH & SPA MAT-BASE 4,22,quart,42.15
AURA BATH & SPA MAT-BASE 4,13,gallon,14.33
BEN WB EXTERIOR FL -WHITE,39,,155.84
BEN WB EXTERIOR FL -BASE 1,22,quart,29.79
BEN WB EXTERIOR FL -BASE 1,38,,147.33
BEN WB EXTERIOR FL -BASE 2,13,quart,28.00
BEN WB EXTERIOR FL -BASE 2,45,gallon,11.07
BEN WB EXTERIOR FL -BASE 2,32,,138.39
BEN WB EXTERIOR FL -BASE 3,28,quart,22.70
BEN WB EXTERIOR FL -BASE 3,34,,111.88
BEN WB EXTERIOR FL -BASE 4,21,quart,20.99
BEN WB EXTERIOR FL -BASE 4,7,gallon,9.34
BEN WB EXTERIOR FL -BASE 4,33,,103.36
BEN WB EXTERIOR LL -WHITE,44,quart,35.61
BEN WB EXTERIOR LL -WHITE,35,gallon,14.24
BEN WB EXTERIOR LL -BASE 1,25,gallon,13.81
BEN WB EXTERIOR LL -BASE 2,25,quart,32.14
BEN WB EXTERIOR LL -BASE 2,20,gallon,13.38
BEN WB EXTERIOR LL -BASE 2,40,,159.07
BEN WB EXTERIOR LL -BASE 3,37,quart,26.82
BEN WB EXTERIOR LL -BASE 3,21,gallon,12.05
BEN WB EXTERIOR LL -BASE 3,17,,132.50
BEN WB EXTERIOR LL -BASE 4,44,quart,25.12
BEN WB EXTERIOR LL -BASE 4,38,,123.98
BEN WB EXT SOFT GL -WHITE,10,gallon,14.24
BEN WB EXT SOFT GL -BASE 1,6,gallon,13.81
BEN WB EXT SOFT GL -BASE 2,9,gallon,13.38
BEN WB EXT SOFT GL -BASE 3,11,quart,26.82
BEN WB EXT SOFT GL -BASE 3,42,gallon,12.05
BEN WB EXT SOFT GL -BASE 4,34,quart,25.12
BEN WB EXT SOFT GL -BASE 4,32,gallon,11.62
REGAL SELECT FLAT -WHITE,36,,195.57
REGAL SELECT FLAT -BASE 1,15,quart,37.60
REGAL SELECT FLAT -BASE 3,13,quart,30.20
REGAL SELECT FLAT -BASE 4,45,,140.78
REGAL SELECT MATTE -BASE 2,20,quart,39.94
REGAL SELECT MATTE -BASE 3,16,,170.36
REGAL SELECT MATTE -BASE 4,41,quart,32.63
REGAL SELECT MATTE -BASE 4,21,,161.44
REGAL SELECT EGGSHL-BASE 1,20,gallon,16.29
REGAL SELECT EGGSHL-BASE 2,43,quart,39.94
REGAL SELECT EGGSHL-BASE 3,40,quart,34.41
REGAL SELECT EGGSHL-BASE 4,10,quart,32.63
REGAL SELECT PEARL -BASE 2,20,quart,39.94
REGAL SELECT PEARL -BASE 3,5,quart,34.41
REGAL SELECT PEARL -BASE 4,45,quart,32.63
REGAL SELECT SEMI -WHITE,25,quart,43.58
REGAL SELECT SEMI -WHITE,32,gallon,16.91
REGAL SELECT SEMI -WHITE,5,,216.21
REGAL SELECT SEMI -BASE 1,26,quart,41.80
REGAL SELECT SEMI -BASE 1,34,gallon,16.29
REGAL SELECT SEMI -BASE 1,25,,207.51
REGAL SELECT SEMI -BASE 2,28,quart,39.94
REGAL SELECT SEMI -BASE 2,41,gallon,15.57
REGAL SELECT SEMI -BASE 2,41,,198.25
REGAL SELECT SEMI -BASE 3,28,quart,34.41
REGAL SELECT SEMI -BASE 3,38,gallon,13.42
REGAL SELECT SEMI -BASE 4,16,quart,32.63
REGAL SELECT SEMI -BASE 4,10,gallon,12.73
ULTRA SPEC HB MASON BLOCK FILL,36,,70.80
ULTRA SPEC VAPOR BARRIER SEAL,5,quart,23.95
ULTRA SPEC VAPOR BARRIER SEAL,36,,111.29
WOODLUXE OB TRANS -NATURAL,17,quart,32.97
WOODLUXE OB TRANS -NATURAL,36,,163.32
WOODLUXE OB TRANS -REDWOOD,44,quart,32.97
WOODLUXE OB TRANS -TEAK,12,quart,32.97
WOODLUXE OB TRANS -CEDAR,34,quart,32.97
WOODLUXE OB TRANS -MAHOGANY,44,quart,32.97
WOODLUXE OB TRANS -CHESTNUT BR,10,quart,32.97
WOODLUXE OB TRANS -BLEACH GRY,30,quart,32.97
WOODLUXE OB SEMI TRA-TINT BASE,16,quart,32.31
WOODLUXE OB SEMI TRA-TINT BASE,28,gallon,10.65
WOODLUXE OB SEMI TRA-TINT BASE,36,,150.99
WOODLUXE OB S/S -TINT BASE,42,quart,34.02
WOODLUXE OB S/S -TINT BASE,5,gallon,11.79
WOODLUXE OB S/S -TINT BASE,30,,167.07
ULTR SPE MASON 100% ACRYL SEAL,8,quart,18.64
ULTR SPE MASON 100% ACRYL SEAL,37,,80.09
ULTR SPE MASON 100% ACRYL SEAL,25,quart,18.64
ULTR SPE MASON 100% ACRYL SEAL,22,,80.09
ARBORCOAT ULTRA FLT-BASE 1,40,quart,37.52
ARBORCOAT ULTRA FLT-BASE 1,24,,185.95
ARBORCOAT ULTRA FLT-BASE 1,16,,3.23
ARBORCOAT ULTRA FLT-BASE 2,36,quart,33.83
ARBORCOAT ULTRA FLT-BASE 2,11,,167.45
ARBORCOAT ULTRA FLT-BASE 2,29,,3.12
ARBORCOAT ULTRA FLT-BASE 3,19,quart,26.57
ARBORCOAT ULTRA FLT-BASE 3,33,,131.18
ARBORCOAT ULTRA FLT-BASE 3,7,,2.66
ARBORCOAT ULTRA FLT-BASE 4,29,quart,29.24
ARBORCOAT ULTRA FLT-BASE 4,11,,2.78
AURA EXTERIOR FLAT -WHITE,5,gallon,18.34
AURA EXTERIOR FLAT -WHITE,29,,267.93
AURA EXTERIOR FLAT -BASE 1,15,gallon,17.12
AURA EXTERIOR FLAT -BASE 1,26,,249.93
AURA EXTERIOR FLAT -BASE 3,23,gallon,13.49
AURA EXTERIOR FLAT -BASE 4,7,,209.65
AURA EXTERIOR SATIN-BASE 1,6,gallon,17.12
AURA EXTERIOR SEMI -BASE 1,34,gallon,17.12
AURA EXTERIOR SEMI -BASE 2,23,quart,46.70
AURA EXTERIOR SEMI -BASE 2,43,gallon,15.87
AURA EXT LOW LUSTRE-WHITE,15,gallon,18.34
AURA EXT LOW LUSTRE-BASE 1,25,gallon,17.12
AURA EXT LOW LUSTRE-BASE 2,16,quart,46.70
AURA EXT LOW LUSTRE-BASE 2,14,gallon,15.87
AURA EXT LOW LUSTRE-BASE 3,37,quart,39.65
AURA EXT LOW LUSTRE-BASE 3,10,gallon,13.49
AURA EXT LOW LUSTRE-BASE 4,9,gallon,14.36
ARBORCOAT WB S/S -WHITE,5,quart,37.81
ARBORCOAT WB S/SA A -WHITE,21,,3.15
ARBORCOAT WB S/S -TINT BASE,34,quart,34.18
ARBORCOAT WB W/SA A -TINT BASE,21,,3.07
ARBORCOAT WB SOLID -WHITE,14,quart,39.71
ARBORCOAT WB SOLID -WHITE,5,,196.91
ARBORCOAT WB SOLID -BASE 1,11,quart,37.52
ARBORCOAT WB SOLID -BASE 1,22,,185.95
ARBORCOAT WB SOLID -BASE 1,39,,3.23
ARBORCOAT WB SOLID -BASE 2,25,quart,33.83
ARBORCOAT WB SOLID -BASE 2,7,,167.45
ARBORCOAT WB SOLID -BASE 2,42,,3.12
ARBORCOAT WB SOLID -BASE 3,44,quart,26.57
ARBORCOAT WB SOLID -BASE 3,16,,131.18
ARBORCOAT WB SOLID -BASE 3,33,,2.66
ARBORCOAT WB SOLID -BASE 4,31,,144.48
ARBORCOAT WB SOLID -BASE 4,44,,2.78
WOODLUXE WB TRANS -NATURAL,18,quart,28.03
WOODLUXE WB TRANS -NATURAL,5,,2.85
WOODLUXE WB TRANS -REDWOOD,24,quart,28.03
WOODLUXE WB TRANS -REDWOOD,33,,2.85
WOODLUXE WB TRANS -TEAK,20,quart,28.03
WOODLUXE WB TRANS -TEAK,16,,2.85
WOODLUXE WB TRANS -CEDAR,45,quart,28.03
WOODLUXE WB TRANS -CEDAR,33,,2.85
WOODLUXE WB TRANS -MAHOGANY,8,quart,28.03
WOODLUXE WB TRANS -MAHOGANY,22,,2.85
WOODLUXE WB TRANS -CHESTNUT BR,44,quart,28.03
WOODLUXE WB TRANS -CHESTNUT BR,34,,2.85
WOODLUXE WB TRANS -BLEACH GRY,29,quart,28.03
WOODLUXE WB TRANS -BLEACH GRAY,17,,2.85
WOODLUXE WB SEMI TRA-TINT BASE,22,quart,29.32
WOODLUXE WB SEMI TRA-TINT BASE,45,,145.26
WOODLUXE WB SEMI TRA-TINT BASE,45,,2.76
WOODLUXE WB S/S -WHITE,41,quart,36.68
WOODLUXE WB S/S -WHITE,20,,3.06
WOODLUXE WB S/S -TINT BASE,21,quart,33.15
WOODLUXE WB S/S -TINT BASE,26,,164.24
WOODLUXE WB S/S -TINT BASE,21,,2.98
WOODLUXE WB SOLID -WHITE,11,quart,39.71
WOODLUXE WB SOLID -WHITE,6,,196.91
WOODLUXE WB SOLID -BASE 1,10,quart,37.52
WOODLUXE WB SOLID -BASE 1,44,,185.95
WOODLUXE WB SOLID -BASE 1,39,,3.23
WOODLUXE WB SOLID -BASE 2,16,quart,33.83
WOODLUXE WB SOLID -BASE 2,33,,167.45
WOODLUXE WB SOLID -BASE 2,8,,3.12
WOODLUXE WB SOLID -BASE 3,45,quart,26.57
WOODLUXE WB SOLID -BASE 3,27,,131.18
WOODLUXE WB SOLID -BASE 3,17,,2.66
WOODLUXE WB SOLID -BASE 4,10,quart,29.24
WOODLUXE WB SOLID -BASE 4,29,,144.48
WOODLUXE WB SOLID -BASE 4,19,,2.78
WOODLUXE ULTRA FLT-WHITE,16,quart,38.52
WOODLUXE ULTRA FLT-WHITE,29,,191.00
WOODLUXE ULTRA FLT-BASE 1,22,quart,36.39
WOODLUXE ULTRA FLT-BASE 1,43,,180.37
WOODLUXE ULTRA FLT-BASE 1,8,,3.13
WOODLUXE ULTRA FLT-BASE 2,38,quart,32.82
WOODLUXE ULTRA FLT-BASE 2,21,,162.43
WOODLUXE ULTRA FLT-BASE 2,11,,3.03
WOODLUXE ULTRA FLT-BASE 3,20,quart,25.77
WOODLUXE ULTRA FLT-BASE 3,43,,127.24
WOODLUXE ULTRA FLT-BASE 3,13,,2.58
WOODLUXE ULTRA FLT-BASE 4,38,quart,28.36
WOODLUXE ULTRA FLT-BASE 4,15,,140.15
WOODLUXE ULTRA FLT-BASE 4,44,,2.70
1GL EMPTY BOX-4 OPEN TOP TRAY,23,,0.61
4 1-GL BOX LOGO W/STD CLOS TOP,39,,0.57
4 1-QT. BOX LOGO W/STD. CLOSE ,38,,0.40
AUTOPACK 12 LINED 1 GL CAN,45,,31.56
2 GAL EMPTY PLASTIC BUCKET,17,,4.81
5 GAL EMPTYBKT-MTBLK LINED,40,,7.25
AUTOPACK 34 LINED 1 GAL CAN,44,,69.30
5 GAL EMPTY BUCKET-PLAIN,16,,5.39
AUTOPACK 12 LINED QUART CAN,43,,13.91
AUTOPACK 56 LINED QUART CAN,35,,53.92
2 GAL PLASTIC LID,6,,0.78
5 GAL PLASTIC LID,24,,1.97
5 GL BLK LINED SC LID,6,,4.19
5 GAL EMPTY BKT-LOGO,29,,5.83
AUTOPACK 34 UNLINED 1 GL CAN,19,,62.80
AUTOPACK 56 UNLINED QUART CAN,35,,49.56
AUTOPACK 50 LINED PINT CAN,41,,39.43
AUTOPACK 50 UNLINED PINT CAN,43,,39.43
AUTOPACK 12 UNLINED QUART CAN,16,,10.61
AUTOPACK 12 UNLINED 1 GL CAN,15,,22.15
AUTOPACK 340 UNLINED HALF PINT,24,,281.28
AUTOPACK 340 LINED 1/2 PINT,39,,281.28
AUTOPACK 12 - GOLD LINED,15,,34.80
ELEMENT GUARD EXT FL-WHITE,12,quart,32.11
ELEMENT GUARD EXT FL-WHITE,35,gallon,12.21
ELEMENT GUARD EXT FL-WHITE,25,,158.87
ELEMENT GUARD EXT FL-BASE 1,9,quart,30.37
ELEMENT GUARD EXT FL-BASE 1,45,gallon,11.77
ELEMENT GUARD EXT FL-BASE 1,18,,150.19
ELEMENT GUARD EXT FL-BASE 2,42,quart,28.54
ELEMENT GUARD EXT FL-BASE 2,44,gallon,11.29
ELEMENT GUARD EXT FL-BASE 2,10,,141.08
ELEMENT GUARD EXT FL-BASE 3,45,quart,23.14
ELEMENT GUARD EXT FL-BASE 3,8,gallon,9.96
ELEMENT GUARD EXT FL-BASE 3,13,,114.05
ELEMENT GUARD EXT FL-BASE 4,18,quart,21.40
ELEMENT GUARD EXT FL-BASE 4,12,gallon,9.52
ELEMENT GUARD EXT FL-BASE 4,33,,105.37
ELEMENT GUARD EXT LL-WHITE,40,quart,36.30
ELEMENT GUARD EXT LL-WHITE,42,gallon,14.52
ELEMENT GUARD EXT LL-WHITE,35,,179.90
ELEMENT GUARD EXT LL-BASE 1,36,quart,34.56
ELEMENT GUARD EXT LL-BASE 1,33,gallon,14.08
ELEMENT GUARD EXT LL-BASE 1,7,,171.18
ELEMENT GUARD EXT LL-BASE 2,32,quart,32.76
ELEMENT GUARD EXT LL-BASE 2,9,gallon,13.64
ELEMENT GUARD EXT LL-BASE 2,6,,162.16
ELEMENT GUARD EXT LL-BASE 3,7,quart,27.34
ELEMENT GUARD EXT LL-BASE 3,45,gallon,12.29
ELEMENT GUARD EXT LL-BASE 3,38,,135.07
ELEMENT GUARD EXT LL-BASE 4,28,quart,25.61
ELEMENT GUARD EXT LL -BASE 4,5,gallon,11.84
ELEMENT GUARD EXT LL-BASE 4,43,,126.39
ELEMENT GUARD EXT SG-WHITE,39,quart,36.30
ELEMENT GUARD EXT SG -WHITE,30,gallon,14.52
ELEMENT GUARD EXT SG -WHITE,17,,179.90
ELEMENT GUARD EXT SG-BASE 1,5,quart,34.56
ELEMENT GUARD EXT SG -BASE 1,29,gallon,14.08
ELEMENT GUARD EXT SG -BASE 1,7,,171.18
ELEMENT GUARD EXT SG -BASE 2,21,quart,32.76
ELEMENT GUARD EXT SG -BASE 2,19,gallon,13.64
ELEMENT GUARD EXT SG -BASE 2,15,,162.16
ELEMENT GUARD EXT SG -BASE 3,33,quart,27.34
ELEMENT GUARD EXT SG -BASE 3,37,gallon,12.29
ELEMENT GUARD EXT SG -BASE 4,14,quart,25.61
ELEMENT GUARD EXT SG -BASE 4,18,gallon,11.84
ADVANCE WB SATIN -WHITE,39,quart,47.13
ADVANCE WB SATIN -WHITE,12,gallon,18.85
ADVANCE WB SATIN -WHITE,27,,233.96
ADVANCE WB SATIN -BASE 1,36,quart,45.31
ADVANCE WB SATIN -BASE 1,8,gallon,18.12
ADVANCE WB SATIN -BASE 1,13,,224.79
ADVANCE WB SATIN -BASE 2,20,quart,43.41
ADVANCE WB SATIN -BASE 2,20,gallon,17.37
ADVANCE WB SATIN -BASE 3,22,quart,37.69
ADVANCE WB SATIN -BASE 3,20,gallon,15.08
ADVANCE WB SATIN -BASE 4,17,quart,35.85
ADVANCE WB SATIN -BASE 4,9,gallon,14.34
ADVANCE WB SATIN -BLACK,14,quart,47.13
ADVANCE WB SATIN -BLACK,5,gallon,18.85
ADVANCE WB SEMI -WHITE,32,quart,47.13
ADVANCE WB SEMI -WHITE,27,gallon,18.85
ADVANCE WB SEMI -WHITE,23,,233.96
ADVANCE WB SEMI GL -BASE 1,32,quart,45.31
ADVANCE WB SEMI GL -BASE 1,23,gallon,18.12
ADVANCE WB SEMI GL -BASE 1,20,,224.79
ADVANCE WB SEMI GL -BASE 2,43,quart,43.41
ADVANCE WB SEMI GL -BASE 2,5,gallon,17.37
ADVANCE WB SEMI GL -BASE 3,33,quart,37.69
ADVANCE WB SEMI GL -BASE 3,14,gallon,15.08
ADVANCE WB SEMI GL -BASE 4,16,quart,35.85
ADVANCE WB SEMI GL -BASE 4,28,gallon,14.34
ADVANCE WB SEMI -BLACK,11,quart,47.13
ADVANCE WB SEMI -BLACK,33,gallon,18.85
ALKYD METAL PRIMER -WHITE,44,quart,41.96
ALKYD METAL PRIMER -WHITE,44,,204.21
ALKYD METAL PRIMER -RED,45,quart,41.96
ALKYD METAL PRIMER -RED,39,,204.21
ALKYD METAL PRIMER -GRAY,19,quart,41.96
ALKYD METAL PRIMER -GRAY,37,,204.21
URETHANE ALK GLS EN-SAFETY WH,18,quart,40.81
URETHANE ALK GLS EN-SAFETY WH,44,gallon,18.36
URETHANE ALK GLS EN-SAFETY WH,20,,189.61
URETHANE ALK GLS EN-SAFETY YEL,35,quart,40.81
URETHANE ALK GLS EN-SAFETY YEL,20,,189.61
URETHANE ALK GLS EN-PASTEL BSE,21,quart,39.22
URETHANE ALK GLS EN-PASTEL BSE,12,gallon,17.66
URETHANE ALK GLS EN-PASTEL BSE,10,,181.64
URETHANE ALK GLS EN-SAFETY RED,25,quart,40.81
URETHANE ALK GLS EN-SAFETY RED,5,,189.61
URETHANE ALK GLS EN-MEDIUM BSE,21,quart,37.80
URETHANE ALK GLS EN-MEDIUM BSE,28,gallon,17.02
URETHANE ALK GLS EN-MEDIUM BSE,32,,174.60
URETHANE ALK GLS EN-SAFETY BL,20,quart,40.81
URETHANE ALK GLS EN-DEEP BASE,5,quart,35.90
URETHANE ALK GLS EN-DEEP BASE,26,gallon,16.15
URETHANE ALK GLS EN-DEEP BASE,12,,165.09
URETHANE ALK GLS EN-ULTRA BASE,42,quart,34.17
URETHANE ALK GLS EN-ULTRA BASE,14,gallon,15.37
URETHANE ALK GLS EN-ULTRA BASE,13,,156.41
URETHANE ALK GLS EN-BROWN,28,quart,40.81
URETHANE ALK GLS EN-BRONZETONE,19,quart,40.81
URETHANE ALK GLS EN-SAFETY OR,16,quart,40.81
URETHANE ALK GLS EN-PLAT GRAY,14,quart,40.81
URETHANE ALK GLS EN-PLAT GRAY,41,,189.61
URETHANE ALK GLS EN-BTLSH GRAY,31,quart,40.81
URETHANE ALK GLS EN-BTLSH GRAY,25,,189.61
URETHANE ALK GLS EN-ALUMINIUM ,38,quart,40.81
URETHANE ALK GLS EN-SAFETY BLK,25,quart,40.81
URETHANE ALK GLS EN-SAFETY BLK,42,gallon,18.36
URETHANE ALK GLS EN-SAFETY BLK,28,,189.61
DTM ALK LOW LUSTRE -WHITE,18,quart,59.25
DTM ALK LOW LUSTRE -WHITE,27,gallon,23.71
DTM ALK LOW LUSTRE -PASTEL BSE,10,quart,57.69
DTM ALK LOW LUSTRE -PASTEL BSE,15,gallon,23.07
DTM ALK LOW LUSTRE -MEDIUM BSE,28,quart,56.28
DTM ALK LOW LUSTRE -MEDIUM BSE,29,gallon,22.51
DTM ALK LOW LUSTRE -DEEP BASE,39,quart,54.36
DTM ALK LOW LUSTRE -DEEP BASE,42,gallon,21.98
DTM ALK LOW LUSTRE -ULTRA BASE,9,quart,52.65
DTM ALK LOW LUSTRE -ULTRA BASE,15,gallon,21.05
DTM ALK LOW LUSTRE -BRONZETONE,20,quart,59.25
DTM ALK LOW LUSTRE -BRONZETONE,44,gallon,23.71
DTM ALK LOW LUSTRE -BLACK,31,quart,59.25
DTM ALK LOW LUSTRE -BLACK,37,gallon,23.71
DTM ALKYD SEMI GLOS-SAFETY WHT,21,quart,51.78
DTM ALKYD SEMI GLOS-SAFETY WHT,12,,251.73
DTM ALKYD SEMI GLOS-PASTEL BSE,34,quart,50.20
DTM ALKYD SEMI GLOS-PASTEL BSE,9,,243.83
DTM ALKYD SEMI GLOS-MEDIUM BSE,13,quart,48.81
DTM ALKYD SEMI GLOS-MEDIUM BSE,45,,236.86
DTM ALKYD SEMI GLOS-DEEP BASE,11,quart,46.91
DTM ALKYD SEMI GLOS-DEEP BASE,43,,227.37
DTM ALKYD SEMI GLOS-ULTRA BASE,33,quart,45.16
DTM ALKYD SEMI GLOS-ULTRA BASE,13,,218.59
DTM ALKYD SEMI GLOS-SAFETY BLK,22,quart,51.78
CORONADO PVA PRIMER,8,,45.18
SK5000 ALKYD DF -WHITE,38,,122.68
SK5000 LTX S/G DF -WHITE,37,,114.12
SK5000 LS EGGSHELL -WHITE,28,quart,24.74
SK5000 LS EGGSHELL -WHITE,30,,117.76
SK 5000 LS EGGSHELL-PASTEL BSE,45,quart,23.71
SK 5000 LS EGGSHELL-PASTEL BSE,36,,112.62
SK5000 LS EGGSHELL -TINT BASE,19,quart,22.10
SK5000 LS EGGSHELL -TINT BASE,31,,104.62
SK5000 ACR SATIN -WHITE,18,quart,25.70
SK5000 ACR SATIN -WHITE,34,,116.57
SK5000 ACR SATIN -PASTEL BSE,27,quart,24.66
SK5000 ACR SATIN -PASTEL BSE,28,,111.44
SK5000 ACR SATIN -TINT BASE,29,quart,23.06
SK5000 ACR SATIN -TINT BASE,34,,103.41
SK5000 ACR SATIN -DEEP BASE,15,quart,21.45
SK5000 ACR SATIN -ACCENT BSE,6,quart,16.91
MULTAPPLY ACR GL EN -BSHIP GRA,40,quart,39.98
MULTAPPLY ACR GL EN -WHT TINT,43,quart,38.34
MULTAPPLY ACR GL EN-SAFETY RED,38,quart,39.98
MULTAPPLY ACR GL EN-SAFETY RED,12,gallon,14.63
MULTAPPLY ACR GL EN -WHT TINT,35,gallon,14.21
MULTAPPLY ACR GL EN -WHT TINT,40,,188.33
MULTAPPLY ACR GL EN-SAFETY YEL,5,quart,39.98
MULTAPPLY ACR GL EN-SAFETY YEL,15,gallon,14.63
MULTAPPLY ACR GL EN -SILVER GR,37,quart,39.98
MULTAPPLY ACR GL EN -BLACK,11,quart,39.98
MULTAPPLY ACR GL EN-BLACK,5,gallon,14.63
MULTAPPLY ACR GL EN -TINT BASE,42,quart,36.69
MULTAPPLY ACR GL EN-TINT BASE,27,gallon,13.80
MULTAPPLY ACR GL EN -ACCENT BS,5,quart,26.80
MULTAPPLY ACR GL EN -ACCENT BS,44,gallon,11.33
MULTAPPLY ACR SG EN-WHT TINT,9,quart,36.86
MULTAPPLY ACR SG EN-WHITE,18,quart,38.51
MULTAPPLY ACR SG EN-WHITE,44,gallon,14.63
MULTAPPLY ACR SG EN-WHITE,30,,188.71
MULTAPPLY ACR SG EN-WHT TINT,22,gallon,14.21
MULTAPPLY ACR SG EN-WHT TINT,44,,180.63
MULTAPPLY ACR SG EN-BLACK,40,quart,38.51
MULTAPPLY ACR SG EN-BLACK,40,gallon,14.63
MULTAPPLY ACR SG EN-TINT BASE,41,quart,35.22
MULTAPPLY ACR SG EN-TINT BASE,26,gallon,13.80
MULTAPPLY ACR SG EN- ACCENT BA,9,quart,25.33
MULTAPPLY ACR SG EN- ACCENT BA,8,gallon,11.33
CORONADO DTC SATIN - WHITE,43,quart,27.48
CORONADO DTC SATIN -WHITE,19,,127.36
CORONADO DTC SATIN -PASTEL BAS,17,quart,25.82
CORONADO DTC SATIN - PASTEL BA,15,,119.07
CORONADO DTC SATIN - TINT BASE,25,quart,24.16
CORONADO DTC SATIN - ACCENT BA,21,quart,14.21
CORONADO DTC SEMI -WHITE,45,quart,28.90
CORONADO DTC SEMI -WHITE,35,,134.46
CORONADO DTC SEMI -PASTEL BASE,42,quart,27.24
CORONADO DTC SEMI -PASTEL BASE,45,,126.15
CORONADO DTC SEMI -TINT BASE,21,quart,25.57
CORONADO DTC SEMI -ACCENT BASE,39,quart,15.63
RUST SCAT SEMI GLOS-PASTEL BSE,17,quart,46.38
RUST SCAT SEMI GLOS-PASTEL BSE,38,gallon,17.77
RUST SCAT SEMI GLOS-TINT BASE,45,gallon,17.09
RUST SCAT SEMI GLOS-DEEP BASE,30,gallon,16.13
RUST SCAT SEMI GLOS-ACCENT BSE,9,gallon,14.04
FINAL TOUCH FLAT -WHITE,36,quart,16.31
FINAL TOUCH FLAT -WHITE,6,,75.67
FINAL TOUCH FLAT -PASTEL BASE,39,quart,15.44
FINAL TOUCH FLAT -PASTEL BASE,39,,71.29
4385 BURNT UMBER QT,7,gallon,28.36
4391 LAMP BLACK QT,33,gallon,25.83
4312 MED YELLOW QT,37,gallon,78.90
4310 ORGANIC YELLOW QT,35,gallon,86.23
4332 PHTHALO BLUE QT,38,gallon,56.05
4321 PHTHALO GREEN QT,7,gallon,55.37
4348 QUINACRIDONE -RED QT,17,gallon,93.77
4339 QUIN. VIOLET QT,9,gallon,91.89
4344 RED IRON OXIDE QT,24,gallon,38.81
4300 TITANIUM WHITE QT,12,gallon,36.60
4366 LEAD FREE -ORANGE QT,45,gallon,73.17
4377 YELLOW OXIDE QT,15,gallon,28.80
ELASTITE 160 10 MIL-WHITE,36,quart,41.28
ELASTITE 160 10 MIL-WHITE,28,,200.18
ELASTITE 162 20 MIL-WHITE,12,,200.18
ELASTITE SPR STRETC-WHITE,12,,211.17
TEXCRETE SILICONE -CLEAR,32,quart,66.90
TEXCRETE SILICONT -CLEAR,25,,331.26
SK5000 ACR ALK SG -DEEP BASE,30,,101.28
SK5000 ACR FLAT -WHITE,38,quart,21.45
SK5000 ACR FLAT -WHITE,6,,98.85
SK5000 ACR FLAT -BLACK,19,quart,21.45
SK5000 ACR FLAT -BLACK,27,,98.85
SK5000 ACR FLAT -PASTEL BSE,23,quart,20.42
SK5000 ACR FLAT -PASTEL BSE,44,,93.72
SK5000 ACR FLAT -TINT BASE,18,quart,18.82
SK5000 ACR FLAT -TINT BASE,26,,85.72
SK5000 ACR FLAT -DEEP BASE,25,quart,17.19
SK5000 ACR FLAT -DEEP BASE,13,,85.94
SK5000 ACR FLAT -ACCENT BSE,35,quart,12.67
SK5000 ACR FLAT -ACCENT BSE,9,,55.01
SK5000 ACR FLAT -BRITE WHT,26,quart,21.45
SK5000 ACR FLAT -BRITE WHT,13,,98.85
SK5000 ACR E/S -WHITE,32,quart,23.95
SK3000 FLT -WHITE,44,quart,17.07
SK3000 FLT -WHITE,11,,85.33
SK3000 FLT -PASTEL BSE,27,quart,16.23
SK3000 FLT -PASTEL BSE,35,,81.18
SK3000 FLT -TINT BASE,44,quart,12.99
SK3000 FLT -TINT BASE,33,,64.95
SK3000 FLT -DEEP BASE,42,quart,8.19
SK5000 ACR E/S -WHITE,25,,113.87
SK3000 FLT -PEARL WHIT,28,,85.33
SK3000 E/S -WHITE,45,quart,20.10
SK3000 E/S -WHITE,42,,99.60
SK3000 E/S -PASTEL BSE,28,quart,18.98
SK3000 E/S -PASTEL BSE,19,,94.00
SK3000 E/S -TINT BASE,31,quart,15.51
SK3000 E/S -TINT BASE,38,,76.69
SK5000 ACR E/S -PASTEL BSE,5,quart,22.93
SK5000 ACR E/S -PASTEL BSE,37,,108.74
SK5000 ACR E/S -TINT BASE,27,quart,21.32
SK5000 ACR E/S -TINT BASE,42,,100.73
SK5000 ACR E/S -DEEP BASE,19,quart,19.70
SK5000 ACR E/S -DEEP BASE,39,,92.66
SK5000 ACR E/S -ACCENT BSE,29,quart,15.18
SK5000 ACR E/S -ACCENT BSE,38,,70.03
SK3000 S/G -WHITE,9,quart,23.06
SK3000 S/G -WHITE,16,,115.27
SK3000 S/G -PASTEL BASE,30,quart,21.94
SK3000 S/G -PASTEL BASE,8,,109.68
SK3000 S/G -TINT BASE,37,quart,18.98
SK3000 S/G -TINT BASE,45,,94.90
RUST SCAT UR GL EN -PLATINUM G,5,quart,46.32
RUST SCAT UR GL EN -TERRACOTTA,7,quart,46.32
RUST SCAT UR GL EN -BSHIP GRAY,6,quart,46.32
RUST SCAT UR GL EN -BSHIP GRAY,44,gallon,17.59
RUST SCAT UR GL EN -BSHIP GRAY,13,,228.01
RUST SCAT UR GL EN -SANDSTONE,11,quart,46.32
RUST SCAT UR GL EN -OSHA RED,22,gallon,17.59
RUST SCAT UR GL EN -OSHA BLUE,33,gallon,17.59
RUST SCAT UR GL EN -MACK GREEN,37,gallon,17.59
RUST SCAT UR GL EN -MACK GREEN,41,,228.01
RUST SCAT UR GL EN -INTL ORANG,6,quart,46.32
RUST SCAT UR GL EN -NAT BLUE,14,quart,46.32
RUST SCAT UR GL EN -OSHA YELLO,35,gallon,17.59
RUST SCAT UR GL EN -OXFORD BRN,42,quart,46.32
RUST SCAT UR GL EN -TINT BASE,28,gallon,17.33
RUST SCAT UR GL EN -ACCENT BAS,32,gallon,14.00
TEXCRETE WB ACR SND-WHITE,31,,180.15
TEXCRETE WB ACR SND-DEEP BASE,20,,137.01
TEXCRETE WB ACR SND-ACCENT BSE,44,,128.66
RUST SCAT UR GL EN -SAFETY RED,36,quart,46.32
RUST SCAT UR GL EN -SAFETY RED,41,gallon,17.59
TEXCRETE WB SMOOTH -WHITE,13,quart,36.05
TEXCRETE WB SMOOTH -WHITE,23,,180.15
TEXCRETE WB SMOOTH -DEEP BASE,28,,137.01
TEXCRETE WB SMOOTH -ACCENT BSE,28,,128.66
TEXCRETE WB MEDIUM -WHITE,16,,180.15
SK5000 ACR SEMI GLS-WHITE,9,quart,26.21
SK5000 ACR SEMI GLS-WHITE,43,,125.30
SK5000 ACR SEMI GLS-PASTEL BSE,38,quart,25.19
SK5000 ACR SEMI GLS-PASTEL BSE,40,,120.17
SK5000 ACR SEMI GLS-TINT BASE,12,quart,23.59
SK5000 ACR SEMI GLS-TINT BASE,8,,112.16
SK5000 ACR SEMI GLS-DEEP BASE,9,quart,21.97
SK5000 ACR SEMI GLS-DEEP BASE,13,,104.08
SK5000 ACR SEMI GLS-ACCENT BSE,15,quart,17.43
RUST SCAT MET PRIME-WHITE,29,quart,57.59
RUST SCAT MET PRIME-WHITE,40,gallon,21.53
RUST SCAT MET PRIME-RED,7,gallon,19.94
RUST SCAT SILI ALYD-DEEP BRNZ,14,quart,75.08
ELAST ACR MAS SEAL -WHITE,31,quart,30.74
ELAST ACR MAS SEAL -WHITE,39,,141.60
SK5000 ZERO VOC FL -TINT WHITE,20,quart,19.46
SK5000 ZERO VOC FL -TINT WHITE,8,,97.36
SK5000 ZERO VOC FL -PASTEL BAS,43,quart,18.72
SK5000 ZERO VOC FL -PASTEL BAS,39,,93.65
SK5000 ZERO VOC EGG-PASTEL BAS,41,quart,21.74
SK5000 ZERO VOC EGG-PASTEL BAS,28,,108.70
SK5000 ZERO VOC STN-PASTEL BAS,41,quart,22.28
SK5000 ZERO VOC STN-PASTEL BAS,33,,111.36
SK5000 ZERO VOC SG-TINT WHITE,25,quart,24.76
SK5000 ZERO VOC SG-TINT WHITE,31,,123.82
SK5000 ZERO VOC SG-PASTEL BASE,26,quart,24.02
SK5000 ZERO VOC SG-PASTEL BASE,20,,120.10
FINAL TOUCH FLAT-WHITE,20,quart,14.83
FINAL TOUCH FLAT-WHITE,23,,68.79
FINAL TOUCH FLAT -PASTEL BASE,37,quart,14.83
FINAL TOUCH FLAT -PASTEL BASE,36,,68.79
HIGH TOUCH-UP FLAT -TINT BASE,22,quart,14.83
HIGH TOUCH-UP FLAT -TINT BASE,42,,68.79
SK3 HB PRO FLAT -WHITE,40,,97.79
SK 5000 ACR KD FLAT-WHITE,5,,125.94
SK 5000 ACR KD SAT -WHITE,20,,130.50
SK3000 VN ACR PR/SL -WHITE,5,,84.94
SK5000 PROD BLK FIL-PRIMER WHT,5,,62.71
INSLX AEROS FUL AST 4 FT KIT W,18,,2824.46
INSLX AEROS FUL AST 4 FT KIT S,35,,2824.46
INSL-X AEROS RUST PRE 2 FT KIT,10,,1693.86
INSL-X AEROS DECRATVE 2 FT KIT,7,,1695.20
DECORATIVE AEROSOL -GLS WHT SP,10,,3.43
DECORATIVE AEROSOL -GLS BLACK ,37,,3.43
DECORATIVE AEROSOL -GLS CLR AC,18,,3.43
DECORATIVE AERO-GLS NAVAJ WHT ,25,,3.43
DECORATIVE AEROSOL -GLS IVORY ,14,,3.43
DECORATIVE AERO-GLS HEIRLM WHT,16,,3.43
DECORATIVE AEROSOL -GLS ALMOND,19,,3.43
DECORATIVE AERO-GLS AWARENS PI,12,,3.43
DECORATIVE AERO-GLS BANNER ORN,5,,3.43
DECORATIVE AEROSOL -GLS AMERIC,10,,3.43
DECORATIVE AEROSOL -GLS RYL BL,39,,3.43
DECORATIVE AERO-GLS COSTL CALM,23,,3.43
DECORATIVE AERO-GLS SUFLWR YEL,44,,3.43
DECORATIVE AEROSOL -GLS DAFFOD,20,,3.43
DECORATIVE AEROSOL -GLS HNTR G,14,,3.43
DECORATIVE AEROSOL -GLS ATMN F,39,,3.43
DECORATIVE AEROSOL -GLS LTHR B,7,,3.43
DECORATIVE AEROSOL -GLS SLAT G,31,,3.43
DECORATIVE AEROSOL -GLS PWTR G,33,,3.43
DECORATIVE AEROSOL -GLS SHTTR ,40,,3.43
DECORATIVE AEROSOL -GLS FIEST ,8,,3.43
DECORATIVE AEROSOL -GLS HOT RE,24,,3.43
DECORATIVE AEROSOL -GLS CALYPS,10,,3.43
DECORATIVE AERO-GLS PMPKN ORNG,37,,3.43
DECORATIVE AEROSOL -GLS APPL G,25,,3.43
DECORATIVE AERO-GLS PLUM PURPL,5,,3.43
DECORATIVE AEROSOL -SATIN WHT ,6,,3.43
DECORATIVE AEROSOL -SATN BLACK,15,,3.43
DECORATIVE AEROSOL -STN CLR AC,33,,3.43
DECORATIVE AEROSOL -SATIN ALMO,41,,3.43
DECORATIVE AEROSOL -STN WLD RP,11,,3.43
DECORATIVE AEROSOL -STN GAL WN,23,,3.43
DECORATIVE AEROSOL -STN BRGNDY,10,,3.43
DECORATIVE AEROSOL -SATIN GBRL,32,,3.43
DECORATIVE AEROSOL -SATN KHAKI,45,,3.43
DECORATIVE AEROSOL -FLAT WHT S,36,,3.43
DECORATIVE AEROSOL -FLAT BLACK,18,,3.43
DECORATIVE AEROSOL -PRIMER WHT,23,,3.43
DECORATIVE AEROSOL -PRIMER GRA,17,,3.43
DECORATIVE AEROSOL -FLR HOT RE,13,,4.12
DECORATIVE AERO-FLUOR BLZN ORN,22,,4.12
DECORATIVE AERO-FLUOR BRGHT YE,26,,4.12
DECORATIVE AEROSOL -FLR GLO GR,41,,4.12
DECORATIVE AEROSOL -FLR NEO BL,17,,4.12
DECORATIVE AEROSOL -FLR RE ORN,13,,4.12
DECORATIVE AERO-FLUOR ELCTRC P,6,,4.12
DECORATIVE AEROSOL -LACQ WHT S,19,,4.36
DECORATIVE AEROSOL -LACQ BLACK,10,,4.36
DECORATIVE AEROSOL -LACQ CLEAR,29,,4.36
DECORATIVE AEROSOL -HI HEA WHI,38,,4.12
DECORATIVE AEROSOL -HI HEA BLA,45,,4.12
DECORATIVE AEROSOL -HI HEA ALM,9,,4.12
DECORATIVE AEROSOL -MET SILVER,42,,4.36
DECORATIVE AEROSOL -MET GOLD S,7,,4.36
DECORATIVE AEROSOL -MET COPPER,5,,4.36
DECORATIVE AEROSOL -MET CHROME,45,,4.36
DECORATIVE AEROSOL -EPOXY WHT ,12,,4.12
DECORATIVE AEROSOL -EPOXY BLAC,15,,4.12
DECORATIVE AEROSOL -EPOXY ALMO,35,,4.12
RUST PREV AEROSOL -PRIMER WHT ,7,,4.49
RUST PREV AEROSOL -PRIMER GRAY,45,,4.49
RUST PREV AEROSOL -PRIMER RED ,41,,4.49
RUST PREV AEROSOL -GLS WHT SP,5,,4.49
RUST PREV AEROSOL -GLS BLACK S,33,,4.49
RUST PREV AEROSOL -GLS ALMOND ,12,,4.49
RUST PREV AEROSOL -GLS HNTR GR,9,,4.49
RUST PREV AEROSOL -GLS FIES RE,21,,4.49
RUST PREV AEROSOL -GLS HOT RED,24,,4.49
RUST PREV AEROSOL -GLS ALUMNM ,31,,4.49
RUST PREV AEROSOL -GLS MED GRN,13,,4.49
RUST PREV AEROSOL -GLS BLUE SP,37,,4.49
RUST PREV AEROSOL -GLS MACH GR,18,,4.49
RUST PREV AEROSOL -GLS SEAL BR,45,,4.49
RUST PREV AEROSOL -GLS LGHT BL,11,,4.49
RUST PREV AEROSOL -GLS PEBBLE ,29,,4.49
RUST PREV AEROSOL -GLS BRNZE S,12,,4.49
RUST PREV AEROSOL -GLS SH BURG,6,,4.49
RUST PREV AEROSOL -GLS REED SP,10,,4.49
RUST PREV AEROSOL -GLS CHRL GR,35,,4.49
RUST PREV AEROSOL -SATIN WHT S,19,,4.49
RUST PREV AEROSOL -SATIN BLACK,29,,4.49
RUST PREV AEROSOL -STN DST BRN,33,,4.49
RUST PREV AEROSOL -FLAT WHT SP,41,,4.49
RUST PREV AEROSOL -FLAT BLACK ,26,,4.49
RUST PREV AEROSOL -SFTY YELOW ,27,,4.49
RUST PREV AEROSOL -SAFETY RED ,37,,4.49
RUST PREV AEROSOL -SFTY ORANG ,6,,4.49
RUST PREV AEROSOL -SFTY PURPL ,45,,4.49
RUST PREV AEROSOL -SAFETY BLUE,38,,4.49
RUST PREV AEROSOL -SAFETY GRN ,29,,4.49
WATERBLOCK -WHITE,35,quart,27.85
WATERBLOCK -WHITE,5,,129.25
INSL-X PRIME ALL -WHITE,10,quart,18.28
INSL-X PRIME ALL -WHITE,45,gallon,7.13
INSL-X PRIME ALL -WHITE,22,,82.24
INSL-X AQUA LOCK PL -WHITE,29,quart,25.39
INSL-X AQUA LOCK PL -WHITE,15,gallon,8.72
INSL-X AQUA LOCK PL -WHITE,39,,125.55
INSL-X AQUA LOCK PL -BLACK,14,quart,25.39
INSL-X AQUA LOCK PL -BLACK,6,,125.55
INSL-X AQUA LOCK PRIMER-DEEP T,22,quart,21.96
INSL-X AQUA LOCK PRIMER-DEEP T,38,gallon,7.83
ATHLETC FIELD MARK -WHITE 40,44,,56.98
HB PEEL BOND PRIMER -WHITE,29,quart,26.99
HB PEEL BOND PRIMER -WHITE,35,,128.00
FS ALL PURP PRIMER -WHITE,20,,232.59
SATIN IMPERVO EN -WHITE,28,quart,69.61
SATIN IMPERVO EN -WHITE,5,gallon,25.06
SATIN IMPERVO EN -PASTEL BSE,29,quart,68.17
SATIN IMPERVO EN -PASTEL BSE,18,gallon,24.52
SATIN IMPERVO EN -PASTEL BSE,10,,339.03
SATIN IMPERVO EN -MEDIUM BSE,13,quart,66.57
SATIN IMPERVO EN -MEDIUM BSE,10,gallon,23.97
SATIN IMPERVO EN -DEEP BASE,19,quart,62.00
SATIN IMPERVO EN -DEEP BASE,5,gallon,22.32
SATIN IMPERVO EN -ULTRA BASE,32,quart,58.64
SATIN IMPERVO EN -ULTRA BASE,38,gallon,21.10
SATIN IMPERVO EN -BLACK,41,quart,69.61
SATIN IMPERVO EN -BLACK,45,gallon,25.06
SUPER SPEC ALKYD SG-PASTEL BAS,11,quart,43.29
SUPER SPEC ALKYD SG-PASTEL BAS,34,,202.37
SUPER SPEC ALKYD SG-DEEP BASE,25,quart,40.27
SUPER SPEC EGGSHELL-MED BASE,9,quart,26.19
SUPER SPEC EGGSHELL-MED BASE,17,,114.11
SUPER SPEC EGGSHELL-DEEP BASE,39,quart,24.48
SUPER SPEC EGGSHELL-DEEP BASE,35,,105.65
SUPER SPEC EGGSHELL-ULTRA BASE,13,quart,22.94
SUPER SPEC EGGSHELL-ULTRA BASE,12,,97.91
SUPER SPEC EGGSHELL-LINEN WH,37,quart,28.83
SUPER SPEC EGGSHELL-NAVAJO WH,29,quart,28.83
SUPER SPEC EGGSHELL-NAVAJO WH,10,,127.35
SUPER SPEC EGGSHELL-CHINA WH,18,,127.35
SUPER HIDE EGGSHELL-WHITE,15,quart,26.09
SUPER HIDE EGGSHELL-WHITE,28,,114.76
SUPER HIDE EGGSHELL-BONE WHITE,18,quart,26.09
SUPER HIDE EGGSHELL-BONE WHITE,38,,114.76
SUPER HIDE EGGSHELL-PASTEL BSE,37,quart,25.33
SUPER HIDE EGGSHELL-PASTEL BSE,39,,113.90
SUPER HIDE EGGSHELL-MEDIUM BSE,41,quart,23.41
SUPER HIDE EGGSHELL-MEDIUM BSE,30,,102.35
SUPER HIDE EGGSHELL-DEEP BASE,13,quart,21.55
SUPER HIDE EGGSHELL-DEEP BASE,29,,95.04
SUPER HIDE EGGSHELL-ULTRA BASE,24,quart,20.16
SUPER HIDE EGGSHELL-ULTRA BASE,34,,88.00
SUPER HIDE EGGSHELL-LINENWHITE,31,quart,26.09
SUPER HIDE EGGSHELL-LINENWHITE,9,,114.76
SUPER HIDE EGGSHELL-NAVAJO WHT,43,quart,26.09
SUPER HIDE EGGSHELL-NAVAJO WHT,9,,114.76
SUPER HIDE EGGSHELL-CHINAWHITE,40,quart,26.09
SUPER HIDE EGGSHELL-CHINAWHITE,20,,114.76
SUPER HIDE EGGSHELL-ATRIUM WHT,13,,114.76
PREM EXT ST AL S/T -TINT BASE,42,quart,32.31
PREM EXT ST AL S/T -TINT BASE,34,gallon,10.65
PREM EXT ST AL S/T -TINT BASE,32,,150.99
PREM EXT ST AL S/S -TINT BASE,19,gallon,11.79
PREM EXT ST AL S/S -TINT BASE,36,,167.07
WOODLUXE OB TRANS - NATURAL,30,quart,32.97
WOODLUXE OB TRANS - NATURAL,37,,163.32
WOODLUXE OB TRANS - REDWOOD,27,quart,32.97
WOODLUXE OB TRANS - TEAK,18,quart,32.97
WOODLUXE OB TRANS - CEDAR,23,quart,32.97
WOODLUXE OB TRANS - MAHOGANY,43,quart,32.97
WOODLUXE OB TRANS - CHESTNUT B,25,quart,32.97
WOODLUXE OB TRANS - BLEACH GRY,9,quart,32.97
WOODLUXE OB SEMI TRA-TINT BASE,10,quart,32.31
WOODLUXE OB SEMI TRA-TINT BASE,35,gallon,10.65
WOODLUXE OB SEMI TRA-TINT BASE,12,,150.99
WOODLUXE OB S/S -TINT BASE,25,quart,34.02
WOODLUXE OB S/S -TINT BASE,10,gallon,11.79
WOODLUXE OB S/S -TINT BASE,45,,167.07
CABINET COAT SEMI-GLOSS 2B,41,quart,42.66
CABINET COAT SATIN WHITE,28,quart,45.27
CABINET COAT SATIN WHITE,26,gallon,16.41
CABINET COAT SATIN WHITE,6,,224.26
CABINET COAT SATIN 1B,19,quart,43.92
CABINET COAT SATIN 1B,38,gallon,15.88
CABINET COAT SATIN 1B,43,,217.62
CABINET COAT SATIN 2B,18,quart,42.66
CABINET COAT SATIN 2B,6,gallon,15.64
CABINET COAT SATIN 3B,35,quart,37.82
CABINET COAT SATIN 3B,15,gallon,13.87
CABINET COAT SATIN 4B,15,quart,33.60
CABINET COAT SATIN 4B,7,gallon,12.32
CABINET COAT SG WHITE,40,quart,45.27
CABINET COAT SG -WHITE,10,gallon,16.41
CABINET COAT SG -1B,34,quart,43.92
CABINET COAT SG -1B,15,gallon,15.88
CABINET COAT SG -1B,41,,217.62
CABINET COAT SG -2B,36,quart,42.66
CABINET COAT SG -2B,23,gallon,15.64
CABINET COAT SG -3B,28,quart,37.82
CABINET COAT SG -3B,26,gallon,13.87
CABINET COAT SG -4B,26,quart,33.60
CABINET COAT SG -4B,19,gallon,12.32
INSL-X CHALKBOARD PT-BLACK,33,gallon,13.60
HP UNIV METAL PRIMER-WHITE,31,quart,40.74
HP UNIV METAL PRIMER-WHITE,28,,199.66
HP UNIV METAL PRIMER-RED,10,quart,40.74
HP UNIV METAL PRIMER-RED,10,,199.66
HP UNIV METAL PRIMER-GRAY,26,quart,40.74
HP UNIV METAL PRIMER-GRAY,9,,199.66
HP SHOP PRIMER -RED,35,,103.49
HP SHOP PRIMER -GRAY,23,,103.49
HP ALK URETHANE GLS-WHITE,26,quart,44.97
HP ALK URETHANE GLS-WHITE,33,,206.14
HP ALK URETHANE GLS-SAFETY YEL,36,quart,44.97
HP ALK URETHANE GLS-SAFETY RED,30,quart,44.97
HP ALK URETHANE GLS-SILVER GRA,20,quart,44.97
HP ALK URETHANE GLS-BATTLESHIP,27,quart,44.97
HP ALK URETHANE GLS-TINTABLE W,35,quart,43.21
HP ALK URETHANE GLS-BLACK,32,quart,44.97
HP ALK URETHANE GLS-DEEP BASE,30,quart,41.46
HP ALK URETHANE GLS-CLEAR BASE,23,quart,34.42
HP ALK URETHANE SG -WHITE,44,quart,52.83
HP ALK URETHANE SG -WHITE,33,,246.74
HP ALK URETHANE SG -TINTABLE W,22,quart,51.07
HP ALK URETHANE SG -TINTABLE W,17,,237.95
HP ALK URETHANE SG -BLACK,38,quart,52.83
HP ALK URETHANE SG -DEEP BASE,17,quart,49.32
HP ALK URETHANE SG -CLEAR BASE,7,quart,42.28
INSL-X HVY DTY DEGREASER,45,gallon,13.04
INSL-X CITRUS CLEANER,42,quart,33.81
INSL-X CITRUS CLEANER,12,gallon,11.85
INSL-X CONCRETE ETCH,9,quart,21.86
CHLR SWIMMING POOL -ACC RED,13,quart,54.85
CHLR SWIMMING POOL -WHITE,32,quart,54.85
CHLR SWIMMING POOL -WHITE,17,,272.17
CHLR SWIMMING POOL -AQUAMARINE,29,quart,54.85
CHLR SWIMMING POOL -BLACK,16,quart,54.85
CHLR SWIMMING POOL -OCEAN BLUE,29,quart,54.85
CHLR SWIMMING POOL -OCEAN BLUE,7,,272.17
CHLR SWIMMING POOL -ROYAL BLUE,27,quart,54.85
CHLR SWIMMING POOL -ROYAL BLUE,32,,272.17
CONCRETE WB STAIN -CLEAR,19,quart,31.71
CONCRETE WB STAIN -CLEAR,15,,144.56
CONCRETE WB STAIN -WHITE,26,quart,30.74
CONCRETE WB STAIN -WHITE,6,,139.63
CONCRETE WB STAIN -DEEP BASE,11,quart,27.09
CONCRETE WB STAIN -NEUT BASE,22,quart,25.25
CONCRETE WB STAIN -GRAY PEARL,22,quart,31.71
CONCRETE WB STAIN -LIGHT GRAY,15,quart,31.71
CONCRETE WB STAIN -TILE RED,41,quart,31.71
CONCRETE WB STAIN -DESERT SND,37,quart,31.71
CONCRETE WB STAIN -SADDLE BRN,44,quart,31.71
CONCRETE STAIN -CLEAR,13,quart,31.23
CONCRETE STAIN -CLEAR,16,,141.81
CONCRETE STAIN -WHITE,44,quart,31.23
TUFFCRETE CONCRETE -NEUTRL BSE,28,quart,28.72
TUFFCRETE CONCRETE -NEUTRL BSE,10,,129.21
CONCRETE STAIN -GRAY PEARL,41,quart,31.23
CONCRETE STAIN -LIGHT GRAY,6,quart,31.23
CONCRETE STAIN -TILE RED,11,quart,31.23
CONCRETE STAIN -TERRACOTTA,41,quart,31.23
CONCRETE STAIN -DESERT SAN,29,quart,31.23
CONCRETE STAIN -SADDLE BRN,5,quart,31.23
TS ACR FLOOR&PATIO -WHITE TINT,23,quart,26.85
TS ACR FLOOR&PATIO -TINT BASE,20,quart,23.21
TS ACR FLOOR&PATIO -DEEP BASE,30,quart,20.29
TS ACR FLOOR&PATIO -BLACK,36,quart,26.85
TS ACR FLOOR&PATIO -NEUT BASE,6,quart,16.30
TS ACR FLOOR&PATIO -GRAY PEARL,32,quart,26.85
TS ACR FLOOR&PATIO -LIGHT GRAY,6,quart,26.85
TS ACR FLOOR&PATIO -LIGHT GRAY,13,,130.92
TS ACR FLOOR&PATIO -TILE RED,8,quart,26.85
TS ACR FLOOR&PATIO -DESERT SND,20,quart,26.85
TS ACR FLOOR&PATIO -SADDLE BRN,31,quart,26.85
ALKYD URETHANE SEMI-WHITE,24,quart,47.65
ALKYD URETHANE SEMI-BLACK,36,quart,47.65
ALKYD URETHANE SEMI-PASTEL BSE,35,quart,45.86
ALKYD URETHANE SEMI-TINT BASE,15,quart,44.08
ALKYD URETHANE SEMI-DEEP BASE,19,quart,40.51
ALKYD URETHANE SEMI-CLEAR BASE,33,quart,33.37
COROTECH COMM WB GL-WHITE,6,,270.77
COROTECH COMM WB ST-WHITE,41,,270.77
POLYAMIDE EPOXY GL -HG CATALYS,26,quart,79.85
LEAD BLOCK ENC COAT-WHITE TINT,23,quart,59.36
LEAD BLOCK ENC COAT-WHITE TINT,30,,291.18
INSL-X DEC FL FLAKE-BLUE EA,15,,8.84
INSL-X DEC FL FLAKE-RED EA,38,,8.84
INSL-X DECO FL FLAKE BLACK EA,40,,8.84
INSL-X DECO FL FLAKE BROWN EA,6,,8.84
INSL-X DECO FL FLAKE SILVER EA,36,,8.84
INSL-X DEC FL FLAKE-GRAY EA,7,,8.84
INSL-X DECO FL FLAKE GOLD EA,22,,8.84
G/G W/B EPOXY SEMI -TINT BASE,5,,79.30
G/G W/B EPOXY SEMI -NEUTRL KIT,30,,79.30
G/G W/B EPOXY SEMI -SHWRM GRAY,41,,84.38
GARAGE GUARD -DESERT SND,33,,84.38
FREEZERKOTE HG INT -WHITE,25,quart,87.97
FREEZERKOTE HG INT -SFTY YELLO,33,quart,100.18
ACRYLIC FIELD MARK-WHITE,10,,55.84
ACRYLIC FIELD MARK-YELLOW,6,,59.28
ACRYLIC FIELD MARK-CT BLUE,43,,55.84
INSL-X FIRE RETRDNT-WHITE,24,quart,78.53
INSL-X FIRE RETRDNT-WHITE,26,,391.09
INSL-X HB PRIMER -WHITE,29,,65.92
US HP ACR METAL PR -WHITE,16,quart,40.23
US HP ACR METAL PRIM-WHITE,22,,183.61
HP ACR METAL PRIMER -WHITE,37,quart,42.94
HP ACR METAL PRIMER -WHITE,27,,190.26
HP ACR METAL PRIMER -RED,43,quart,42.94
HP ACR METAL PRIMER -RED,27,,190.26
HP UNIV METAL PRIMER-WHITE,36,quart,40.74
HP UNIV METAL PRIMER-WHITE,10,,199.66
HP UNIV METAL PRIMER-RED,44,quart,40.74
HP UNIV METAL PRIMER-RED,23,,199.66
HP UNIV METAL PRIMER-GRAY,10,quart,40.74
HP UNIV METAL PRIMER-GRAY,29,,199.66
HP UNIV METAL PRIMER -GRAY,11,,1782.13
HP SHOP PRIMER -RED,24,quart,22.02
HP SHOP PRIMER -RED,31,,103.49
HP SHOP PRIMER -RED,36,,1201.42
HP SHOP PRIMER -GRAY,45,quart,22.02
HP SHOP PRIMER -GRAY,39,,103.49
HP SHOP PRIMER -GRAY,39,,1201.42
HP METAL EPXY PRM -CLEAR,23,quart,67.29
HP METAL EPXY PRM -CATALYST,41,gallon,29.08
HP ALK URETHANE GLS-WHITE,37,quart,44.97
HP ALK URETHANE GLS-WHITE,15,,206.14
HP ALK URETHANE GLS-SAFETY YEL,24,quart,44.97
HP ALK URETHANE GLS-SAFETY RED,42,quart,44.97
HP ALK URETHANE GLS-SAFETY BLU,18,quart,44.97
HP ALK URETHANE GLS-SILVER GRA,13,quart,44.97
HP ALK URETHANE GLS-BATTLESHIP,7,quart,44.97
HP ALK URETHANE GLS-TINTABLE W,20,quart,43.21
HP ALK URETHANE GLS-TINTABLE W,22,,197.35
HP ALK URETHANE GLS-BLACK,18,quart,44.97
HP ALK URETHANE GLS-BLACK,42,,206.14
HP ALK URETHANE GLS-DEEP BASE,11,quart,41.46
HP ALK URETHANE GLS-DEEP BASE,9,,188.57
HP ALK URETHANE GLS-CLEAR BASE,19,quart,34.42
HP ALK URETHANE GLS-CLEAR BASE,19,,153.37
HP ALK URETHANE SG -WHITE,5,quart,52.83
HP ALK URETHANE SG -WHITE,39,,246.74
HP ALK URETHANE SG -TINTABLE W,31,quart,51.07
HP ALK URETHANE SG -TINTABLE W,9,,237.95
HP ALK URETHANE SG -BLACK,32,quart,52.83
HP ALK URETHANE SG -DEEP BASE,45,quart,49.32
HP ALK URETHANE SG -CLEAR BASE,19,quart,42.28
ULTRASPEC HP DTM LL-SAFETY WH,28,quart,49.75
ULTRASPEC HP DTM LL-SAFETY WH,42,gallon,19.91
ULTRASPEC HP DTM LL-SAFETY WH,28,,241.78
ULTRASPEC HP DTM LL-SFTY YELLO,10,quart,49.75
ULTRASPEC HP DTM LL-SFTY YELLO,9,gallon,19.91
ULTRASPEC HP DTM LL-BASE 1,44,quart,48.20
ULTRASPEC HP DTM LL-BASE 1,38,gallon,19.28
ULTRASPEC HP DTM LL-BASE 1,8,,234.00
ULTRASPEC HP DTM LL-SAFETY RED,28,quart,49.75
ULTRASPEC HP DTM LL-SAFETY RED,29,gallon,19.91
ULTRASPEC HP DTM LL-BASE 2,24,quart,46.68
ULTRASPEC HP DTM LL-BASE 2,6,gallon,18.68
ULTRASPEC HP DTM LL-BASE 2,9,,226.40
ULTRASPEC HP DTM LL-BASE 3,10,quart,45.18
ULTRASPEC HP DTM LL-BASE 3,9,gallon,18.08
ULTRASPEC HP DTM LL-BASE 3,44,,218.81
ULTRASPEC HP DTM LL-BASE 4,5,quart,43.65
ULTRASPEC HP DTM LL-BASE 4,32,gallon,17.45
ULTRASPEC HP DTM LL-BASE 4,31,,211.23
ULTRASPEC HP DTM LL-BRONZETONE,8,quart,49.75
ULTRASPEC HP DTM LL-BRONZETONE,40,gallon,19.91
ULTRASPEC HP DTM LL-SFTY BLACK,9,quart,49.75
ULTRASPEC HP DTM LL-SFTY BLACK,32,gallon,19.91
ULTRASPEC HP DTM GL-SAFETY WH,17,quart,49.75
ULTRASPEC HP DTM GL-SAFETY WH,22,,241.78
ULTRASPEC HP DTM GL-SFTY YELLO,7,quart,49.75
ULTRASPEC HP DTM GL-SFTY YELLO,25,gallon,19.91
ULTRASPEC HP DTM GL-BASE 1,21,quart,48.20
ULTRASPEC HP DTM GL-BASE 1,24,,234.00
ULTRASPEC HP DTM GL-SAFETY RED,37,quart,49.75
ULTRASPEC HP DTM GL-SAFETY RED,16,gallon,19.91
ULTRASPEC HP DTM GL-BASE 2,33,quart,46.68
ULTRASPEC HP DTM GL-BASE 2,16,,226.40
ULTRASPEC HP DTM GL-BASE 3,20,quart,45.18
ULTRASPEC HP DTM GL-BASE 3,7,,218.81
ULTRASPEC HP DTM GL-BASE 4,10,quart,43.65
ULTRASPEC HP DTM GL-BASE 4,45,,211.23
ULTRASPEC HP DTM GL-BRONZETONE,31,quart,49.75
ULTRASPEC HP DTM GL-BRONZETONE,36,gallon,19.91
ULTRASPEC HP DTM GL-SFTY BLACK,17,quart,49.75
ULTRASPEC HP DTM GL-SFTY BLACK,18,gallon,19.91
ULTRASPEC HP DTM SG-SAFETY WH,17,quart,49.75
ULTRASPEC HP DTM SG-SAFETY WH,10,,241.78
ULTRASPEC HP DTM SG-SFTY YELLO,32,quart,49.75
ULTRASPEC HP DTM SG-SFTY YELLO,41,gallon,19.91
ULTRASPEC HP DTM SG-BASE 1,33,quart,48.20
ULTRASPEC HP DTM SG-BASE 1,30,,234.00
ULTRASPEC HP DTM SG-SAFETY RED,44,quart,49.75
ULTRASPEC HP DTM SG-SAFETY RED,16,gallon,19.91
ULTRASPEC HP DTM SG-BASE 2,35,quart,46.68
ULTRASPEC HP DTM SG-BASE 2,40,,226.40
ULTRASPEC HP DTM SG-BASE 3,33,quart,45.18
ULTRASPEC HP DTM SG-BASE 3,13,,218.81
ULTRASPEC HP DTM SG-BASE 4,16,quart,43.52
ULTRASPEC HP DTM SG-BASE 4,41,,211.23
ULTRASPEC HP DTM SG-BRONZETONE,22,quart,49.75
ULTRASPEC HP DTM SG-BRONZETONE,20,gallon,19.91
ULTRASPEC HP DTM SG-SFTY BLACK,37,quart,49.75
ULTRASPEC HP DTM SG-SFTY BLACK,41,gallon,19.91
HP QD ACRYLIC DTM SP-CLEAR,8,quart,50.34
HP QD ACRYLIC DTM SP-WHITE,9,quart,50.34
HP QD ACRYLIC DTM SP-WHITE,43,,226.00
HP QD ACRYLIC DTM SP-SAFETY YE,5,quart,50.34
HP QD ACRYLIC DTM SP-SAFETY RE,15,quart,50.34
HP QD ACRYLIC DTM SP-SAFETY BL,23,quart,50.34
HP QD ACRYLIC DTM SP-LIGHT GRA,13,quart,50.34
HP QD ACRYLIC DTM SP-BATTL GRA,16,quart,50.34
HP QD ACRYLIC DTM SP-TINTABLE ,6,quart,47.72
HP QD ACRYLIC DTM SP-TINTABLE ,30,,212.92
HP QD ACRYLIC DTM SP-BLACK,10,quart,50.34
HP QD ACRYLIC DTM SP-FLAT BLAC,24,quart,50.34
HP QD ACRYLIC DTM SP-DEEP BASE,25,quart,45.97
HP QD ACRYLIC DTM SP-DEEP BASE,19,,204.15
HP QD ACRYLIC DTM SP-CLEAR BAS,12,quart,35.50
HP QD ACRYLIC DTM SP-CLEAR BAS,37,,151.79
PRE-CAT WB EPOXY SG -WHITE,23,quart,42.06
PRE-CAT WB EPOXY SG -WHITE,34,,201.89
PRE-CAT WB EPOXY SG -TINTABLE ,45,quart,39.42
PRE-CAT WB EPOXY SG -TINTABLE ,5,,188.71
PRE-CAT WB EPOXY SG -DEEP BASE,17,quart,38.54
PRE-CAT WB EPOXY SG -CLEAR BAS,9,quart,32.90
PRE-CAT WB EPOXY EGG-WHITE,35,quart,42.06
PRE-CAT WB EPOXY EGG-WHITE,8,,201.89
PRE-CAT WB EPOXY EGG-TINTABLE ,30,quart,39.42
PRE-CAT WB EPOXY EGG-TINTABLE ,37,,188.71
PRE-CAT WB EPOXY EGG-DEEP BASE,39,quart,38.54
PRE-CAT WB EPOXY EGG-CLEAR BAS,31,quart,32.90
HP POLY EPOXY GL -CLEAR,43,quart,63.01
HP POLY EPOXY GL -SFTY YELLO,11,quart,63.01
HP POLY EPOXY GL -SFTY RED,24,quart,63.01
HP POLY EPOXY GL -SILVER GRY,10,quart,63.01
HP POLY EPOXY GL -BATTLE GRY,39,quart,63.01
HP POLY EPOXY GL -TINT WHT,30,quart,56.22
HP POLY EPOXY GL -BLACK,29,quart,63.01
HP POLY EPOXY GL -DEEP BASE,45,quart,35.81
HP POLY EPOXY GL -CATALYST GL,34,quart,65.62
HP POLY EPOXY GL -CATALYST SG,17,quart,53.49
HP POLY EPOXY GL -CATALYST HB,16,quart,79.85
HP POLY EPOXY GL -CLEAR BASE,33,quart,19.49
HP 100% SOLIDS EPOXY-CLEAR,12,,105.31
HP 100% SOLIDS EPOXY-CLEAR,38,,267.11
HP 100% SOLIDS EPOXY-WHITE,14,,105.31
HP 100% SOLIDS EPOXY-TERRACOTT,40,,105.31
HP 100% SOLIDS EPOXY-SANDSTONE,14,,105.31
HP 100% SOLIDS EPOXY-SILVER GR,24,,105.31
HP 100% SOLIDS EPOXY-SILVER GR,34,,267.11
HP 100% SOLIDS EPOXY-BSHIP GRA,39,,267.11
HP 100% SOLIDS EPOXY-CATALYST,7,quart,66.77
HP 100% SOLIDS EPOXY-CATALYST,40,,133.54
HP EPOXY MASTIC COAT-TINTABLE ,26,quart,74.99
HP EPOXY MASTIC COAT-DEEP BASE,20,quart,72.99
HP EPOXY MASTIC COAT-CATALYST,34,quart,55.19
HP EPOXY MASTIC COAT-CLEAR BAS,18,quart,70.99
HP ALIPH ACR UR GL -CLEAR,12,quart,70.76
HP ALIPH ACR UR GL -WHITE,42,quart,92.25
HP ALIPH ACR UR GL -TINTABLE W,37,quart,88.86
HP ALIPH ACR UR GL -BLACK,44,quart,92.25
HP ALIPH ACR UR GL -DEEP BASE,16,quart,82.05
HP ALIPH ACR UR GL -CATALYST,32,gallon,35.56
HP ALIPH ACR UR GL -CLEAR BASE,39,quart,68.45
HP DTM MSTIC UR GLS -TINTABLE ,12,quart,69.03
HP DTM MSTIC UR GLS -BLACK,17,quart,72.42
HP DTM MSTIC UR GLS -DEEP BASE,5,quart,62.22
HP DTM MSTIC UR GLS -CATALYST,28,gallon,31.19
HP DTM MSTIC UR GLS -CLEAR BAS,16,quart,48.62
HP DTM MSTIC UR SAT -TINTABLE ,31,quart,69.03
HP DTM MSTIC UR SAT -BLACK,10,quart,72.42
HP DTM MSTIC UR SAT -DEEP BASE,20,quart,58.83
HP DTM MSTIC UR SAT -CLEAR BAS,10,quart,45.23
HP OIL & GR EMULS,11,quart,57.92
HP ANTI-SLIP AGGREG,22,quart,25.40
HP URETHANE REDUCER,32,quart,45.75
HP BRUSHING REDUCER,20,quart,36.75
HP XYLENE,35,quart,27.44
HP EPOXY THINNER,43,quart,36.06
HOTTRAX GARAG FLOOR-TINT WHITE,41,quart,34.82
HOTTRAX GARAG FLOOR-SILVER GRY,40,quart,38.56
HOTTRAX GARAG FLOOR-LIGHT GRAY,43,quart,38.56
HOTTRAX GARAG FLOOR-ACCENT BSE,14,quart,30.69
INSL-GUARD POOL KIT - RED,18,,148.47
INSL-GUARD POOL KIT-WHITE,13,,148.47
INSL-GUARD POOL KIT-BLACK,17,,148.47
INSL-GUARD EPX POOL-ROYAL BLUE,44,,148.47
INSL-GUARD POOL KIT-OCEAN BLUE,38,,148.47
CRYLICOTE FLAT -WHITE,6,quart,25.65
CRYLICOTE FLAT -WHITE,25,,123.10
CRYLICOTE FLAT -TINT BASE,9,quart,24.03
CRYLICOTE FLAT -TINT BASE,12,,115.00
CRYLICOTE FLAT -ACCENT BASE,14,quart,17.54
CRYLICOTE FLAT -ACCENT BASE,42,,82.55
SK5000 ACR DRY FALL-WHITE,22,,94.54
SK5000 ACR DRY FALL-BLACK,7,,86.09
LATEX FLOOR & PATIO-WHITE,41,quart,46.72
LATEX FLOOR & PATIO-WHITE,41,gallon,16.84
LATEX FLOOR & PATIO-BASE 1,11,quart,45.29
LATEX FLOOR & PATIO-BASE 1,40,gallon,16.32
LATEX FLOOR & PATIO-BASE 2,17,quart,43.83
LATEX FLOOR & PATIO-BASE 2,35,gallon,15.78
LATEX FLOOR & PATIO-BASE 3,9,quart,39.18
LATEX FLOOR & PATIO-BASE 3,39,gallon,14.11
LATEX FLOOR & PATIO-BASE 4,23,quart,36.28
LATEX FLOOR & PATIO-BASE 4,29,gallon,13.06
LATEX FLOOR & PATIO-LIGHT GRAY,43,quart,46.72
LATEX FLOOR & PATIO-DECK GRAY,15,quart,46.72
LATEX FLOOR & PATIO-PLAT GRAY,45,quart,46.72
TOUGH WALLS ACR FLAT-WHITE,11,quart,26.65
TOUGH WALLS ACR FLAT-WHITE,34,,127.91
TOUGH WALLS ACR FLAT-PASTEL BS,13,quart,25.03
TOUGH WALLS ACR FLAT-PASTEL BS,38,gallon,9.72
TOUGH WALLS ACR FLAT-PASTEL BS,12,,119.82
TOUGH WALLS ACR FLAT-TINT BASE,33,quart,23.40
TOUGH WALLS ACR FLAT-TINT BASE,21,gallon,9.31
TOUGH WALLS ACR FLAT-TINT BASE,21,,111.71
TOUGH WALLS ACR FLAT-ACCENT BS,31,quart,16.91
TOUGH WALLS ACR FLAT-ACCENT BS,38,gallon,7.69
CRYLICOTE SEMIGLOSS -WHITE,36,quart,33.73
CRYLICOTE SEMIGLOSS -WHITE,43,gallon,12.82
CRYLICOTE SEMIGLOSS -WHITE,35,,161.90
REGAL PREM INT FLAT-PASTEL BSE,32,,188.99
TOUGH WALLS ACR SEMI-WHITE,10,quart,30.25
TOUGH WALLS ACR SEMI-WHITE,10,gallon,11.49
TOUGH WALLS ACR SEMI-PASTEL BS,30,quart,28.63
TOUGH WALLS ACR SEMI-PASTEL BS,20,gallon,11.09
TOUGH WALLS ACR SEMI-PASTEL BS,18,,137.09
TOUGH WALLS ACR SEMI-TINT BASE,17,quart,27.01
TOUGH WALLS ACR SEMI-TINT BASE,6,gallon,10.68
TOUGH WALLS ACR SEMI-ACCENT BS,26,quart,20.52
TOUGH WALLS ACR SEMI-ACCENT BS,12,gallon,9.06
CRYLICOTE SEMIGLOSS -TINT BASE,16,quart,32.12
CRYLICOTE SEMIGLOSS -TINT BASE,14,gallon,12.42
CRYLICOTE SEMIGLOSS -TINT BASE,8,,153.80
CRYLICOTE SEMIGLOSS -ACCENT BA,28,quart,25.63
CRYLICOTE SEMIGLOSS -ACCENT BA,13,gallon,10.79
CRYLICOTE SEMIGLOSS -ACCENT BA,22,,121.35
RUST SCAT UR GL EN -WHITE,12,quart,46.32
RUST SCAT UR GL EN -WHITE,32,gallon,17.59
RUST SCAT UR GL EN -WHITE,8,,228.01
RUST SCAT UR GL EN -TINT BASE,25,quart,45.26
RUST SCAT UR GL EN -TINT BASE,31,gallon,17.33
RUST SCAT UR GL EN -DEEP BASE,8,gallon,15.71
RUST SCAT UR GL EN -DEEP BASE,20,,190.15
PREM EXT ST RESTORE- 1G,6,quart,25.26
PREM EXT ST MUL CLR- 1G,18,quart,26.19
REGAL PREM INT SEMI-WHITE DOVE,42,,222.63
TOUGH WALLS ACR EGG -WHITE,31,quart,29.27
TOUGH WALLS ACR EGG -PASTEL BS,45,quart,27.66
TOUGH WALLS ACR EGG -PASTEL BS,30,gallon,10.72
TOUGH WALLS ACR EGG -PASTEL BS,9,,132.40
TOUGH WALLS ACR EGG -TINT BASE,27,quart,26.03
TOUGH WALLS ACR EGG -TINT BASE,29,gallon,10.31
TOUGH WALLS ACR EGG -TINT BASE,36,,124.29
TOUGH WALLS ACR EGG -ACCENT BS,33,quart,19.54
TOUGH WALLS ACR EGG -ACCENT BS,22,gallon,8.69
TOUGH WALLS ACR EGG -ACCENT BS,38,,91.85
ECO SPEC WB LTX PRM-WHITE,15,quart,32.33
ECO SPEC WB LTX PRM-WHITE,42,,142.24
ECO SPEC WB INT FL -WHITE,7,quart,35.80
ECO SPEC WB INT FL -WHITE,39,,157.85
ECO SPEC WB INT FL -BASE 1,11,quart,33.84
ECO SPEC WB INT FL -BASE 1,16,,148.09
ECO SPEC WB INT FL -BASE 2,42,quart,31.82
ECO SPEC WB INT FL -BASE 3,13,quart,25.74
ECO SPEC WB INT FL -BASE 4,30,quart,23.79
ECO SPEC WB INT EGG-WHITE,42,quart,40.93
ECO SPEC WB INT EGG-WHITE,12,,180.91
ECO SPEC WB INT EGG-BASE 1,32,quart,38.98
ECO SPEC WB INT EGG-BASE 1,36,,171.22
ECO SPEC WB INT EGG-BASE 2,9,quart,36.95
ECO SPEC WB INT EGG-BASE 2,19,,161.08
ECO SPEC WB INT EGG-BASE 3,25,quart,30.88
ECO SPEC WB INT EGG-BASE 3,44,,130.73
ECO SPEC WB INT EGG-BASE 4,26,quart,28.94
ECO SPEC WB INT EGG-BASE 4,25,,121.01
ECO SPEC WB INT S/G-WHITE,22,quart,41.51
ECO SPEC WB INT S/G-WHITE,27,,183.78
ECO SPEC WB INT S/G-BASE 1,31,quart,39.57
ECO SPEC WB INT S/G-BASE 1,20,,174.06
ECO SPEC WB INT S/G-BASE 2,11,quart,37.55
ECO SPEC WB INT S/G-BASE 3,40,quart,31.48
ECO SPEC WB INT S/G-BASE 4,38,quart,29.53
REGAL SELECT EXT FLAT-WHITE,43,quart,43.89
REGAL SELECT EXT FLAT-WHITE,25,gallon,16.67
REGAL SELECT EXT FLAT-WHITE,17,,217.70
REGAL SELECT EXT FLAT-BASE 1,8,quart,42.09
REGAL SELECT EXT FLAT-BASE 1,25,gallon,15.99
REGAL SELECT EXT FLAT-BASE 1,40,,208.79
REGAL SELECT EXT FLAT-BASE 2,41,quart,40.25
REGAL SELECT EXT FLAT-BASE 2,42,gallon,15.29
REGAL SELECT EXT FLAT-BASE 2,25,,199.53
REGAL SELECT EXT FLAT-BASE 3,41,quart,34.70
REGAL SELECT EXT FLAT-BASE 3,45,gallon,13.19
REGAL SELECT EXT FLAT-BASE 3,41,,171.84
REGAL SELECT EXT FLAT-BASE 4,45,quart,32.91
REGAL SELECT EXT FLAT-BASE 4,41,gallon,12.51
REGAL SELECT EXT FLAT-BASE 4,42,,162.92
REGAL SELECT EXT LL-WHITE,16,quart,43.89
REGAL SELECT EXT LL-WHITE,42,gallon,16.67
REGAL SELECT EXT LL-WHITE,41,,217.70
REGAL SELECT EXT LL-BASE 1,24,quart,42.09
REGAL SELECT EXT LL-BASE 1,42,gallon,15.99
REGAL SELECT EXT LL-BASE 1,6,,208.79
REGAL SELECT EXT LL-BASE 2,41,quart,40.25
REGAL SELECT EXT LL-BASE 2,35,gallon,15.29
REGAL SELECT EXT LL-BASE 2,45,,199.53
REGAL SELECT EXT LL-BASE 3,20,quart,34.70
REGAL SELECT EXT LL-BASE 3,5,gallon,13.19
REGAL SELECT EXT LL-BASE 3,45,,171.84
REGAL SELECT EXT LL-BASE 4,16,quart,32.91
REGAL SELECT EXT LL-BASE 4,25,gallon,12.51
REGAL SELECT EXT LL-BASE 4,39,,162.92
REGAL SELECT HB SFT-WHITE,11,quart,43.89
REGAL SELECT HB SFT-WHITE,29,gallon,16.67
REGAL SELECT HB SFT-WHITE,27,,217.70
REGAL SELECT HB SFT-BASE 1,16,quart,42.09
REGAL SELECT HB SFT-BASE 1,23,gallon,15.99
REGAL SELECT HB SFT-BASE 1,38,,208.79
REGAL SELECT HB SFT-BASE 2,5,quart,40.25
REGAL SELECT HB SFT-BASE 2,21,gallon,15.29
REGAL SELECT HB SFT-BASE 2,45,,199.53
REGAL SELECT HB SFT-BASE 3,27,quart,34.70
REGAL SELECT HB SFT-BASE 3,16,gallon,13.19
REGAL SELECT HB SFT-BASE 3,44,,171.84
REGAL SELECT HB SFT-BASE 4,15,quart,32.91
REGAL SELECT HB SFT-BASE 4,31,gallon,12.51
REGAL SELECT HB SFT-BASE 4,26,,162.92
REGAL SELECT HB SFT-BLACK,7,quart,43.89
REGAL SELECT HB SFT-BLACK,20,gallon,16.67
CRYLICOTE SATIN -WHITE,31,quart,30.11
CRYLICOTE SATIN -WHITE,27,gallon,11.43
CRYLICOTE SATIN -WHITE,38,,144.50
CRYLICOTE SATIN -TINT BASE,8,quart,28.49
CRYLICOTE SATIN -TINT BASE,32,gallon,11.03
CRYLICOTE SATIN -TINT BASE,42,,136.40
CRYLICOTE SATIN -ACCENT BASE,11,quart,22.00
CRYLICOTE SATIN -ACCENT BASE,34,gallon,9.40
CRYLICOTE SATIN -ACCENT BASE,40,,103.96
ULTRA SPEC EXT FLAT-WHITE,42,quart,30.21
ULTRA SPEC EXT FLAT-WHITE,6,,137.02
ULTRA SPEC EXT FLAT-BASE 1,44,quart,28.28
ULTRA SPEC EXT FLAT-BASE 1,24,,127.33
ULTRA SPEC EXT FLAT-BASE 2,30,quart,26.24
ULTRA SPEC EXT FLAT-BASE 2,13,,117.13
ULTRA SPEC EXT FLAT-BASE 3,41,quart,20.19
ULTRA SPEC EXT FLAT-BASE 3,30,,86.85
ULTRA SPEC EXT FLAT-BASE 4,18,quart,18.24
ULTRA SPEC EXT FLAT-BASE 4,34,,77.14
ULTRA SPEC EXT SATN-WHITE,28,quart,35.16
ULTRA SPEC EXT SATN-WHITE,28,,159.73
ULTRA SPEC EXT SATN-BASE 1,37,quart,33.22
ULTRA SPEC EXT SATN-BASE 1,11,,149.99
ULTRA SPEC EXT SATN-BASE 2,22,quart,31.20
ULTRA SPEC EXT SATN-BASE 2,37,,139.88
ULTRA SPEC EXT SATN-BASE 3,39,quart,25.13
ULTRA SPEC EXT SATN-BASE 3,30,,109.53
ULTRA SPEC EXT SATN-BASE 4,36,quart,23.18
ULTRA SPEC EXT SATN-BASE 4,18,,99.82
ULTRA SPEC EXT GLOS-WHITE,21,quart,40.16
ULTRA SPEC EXT GLOS-WHITE,6,,186.77
ULTRA SPEC EXT GLOS-BASE 1,16,quart,38.22
ULTRA SPEC EXT GLOS-BASE 1,16,,177.07
ULTRA SPEC EXT GLOS-BASE 2,12,quart,36.20
ULTRA SPEC EXT GLOS-BASE 2,8,,166.88
ULTRA SPEC EXT GLOS-BASE 3,20,quart,30.13
ULTRA SPEC EXT GLOS-BASE 3,18,,136.53
ULTRA SPEC EXT GLOS-BASE 4,14,quart,28.17
ULTRA SPEC EXT LO LUSTR FIN WH,21,quart,32.45
ULTRA SPEC EXT LO LUSTR FIN WH,34,,146.05
ULTRA SPEC EXT LO LUS FIN BASE,16,quart,30.51
ULTRA SPEC EXT LO LUS FIN BASE,33,,136.34
ULTRA SPEC EXT LO LUS FIN BASE,45,quart,28.49
ULTRA SPEC EXT LO LUS FIN BASE,45,,126.22
ULTRA SPEC EXT LO LUS FIN BASE,13,quart,22.42
ULTRA SPEC EXT LO LUS FIN BASE,34,,95.84
ULTRA SPEC EXT LO LUS FIN BASE,42,quart,20.47
ULTRA SPEC EXT LO LUS FIN BASE,43,,86.15
SCUFF-X INT MATTE -WHITE,13,quart,46.99
SCUFF-X INT MATTE -WHITE,8,,220.48
SCUFF-X INT MATTE -BASE 1,33,quart,45.16
SCUFF-X INT MATTE -BASE 1,21,,211.37
SCUFF-X INT MATTE -BASE 2,35,quart,43.34
SCUFF-X INT MATTE -BASE 2,7,,202.25
SCUFF-X INT MATTE -BASE 3,7,quart,37.87
SCUFF-X INT MATTE -BASE 3,31,,174.94
SCUFF-X INT MATTE -BASE 4,22,quart,36.06
SCUFF-X INT MATTE -BASE 4,25,,165.82
SCUFF-X INT EGG -WHITE,21,quart,48.02
SCUFF-X INT EGG -WHITE,33,,225.69
SCUFF-X INT EGG -BASE 1,13,quart,46.20
SCUFF-X INT EGG -BASE 1,41,,216.57
SCUFF-X INT EGG -BASE 2,30,quart,44.38
SCUFF-X INT EGG -BASE 2,37,,207.46
SCUFF-X INT EGG -BASE 3,29,quart,38.88
SCUFF-X INT EGG -BASE 3,16,,180.14
SCUFF-X INT EGG -BASE 4,26,quart,37.09
SCUFF-X INT EGG -BASE 4,19,,171.02
SCUFF-X INT SATIN -WHITE,38,quart,49.06
SCUFF-X INT SATIN -WHITE,44,,230.80
SCUFF-X INT SATIN -BASE 1,19,quart,47.23
SCUFF-X INT SATIN -BASE 1,11,,221.70
SCUFF-X INT SATIN -BASE 2,9,quart,45.41
SCUFF-X INT SATIN -BASE 2,38,,212.58
SCUFF-X INT SATIN -BASE 3,44,quart,39.95
SCUFF-X INT SATIN -BASE 3,31,,185.27
SCUFF-X INT SATIN -BASE 4,12,quart,38.13
SCUFF-X INT SATIN -BASE 4,43,,176.16
SCUFF-X INT SEMI -WHITE,15,quart,50.31
SCUFF-X INT SEMI -WHITE,6,,237.05
SCUFF-X INT SEMI -BASE 1,44,quart,48.43
SCUFF-X INT SEMI -BASE 1,14,,227.70
SCUFF-X INT SEMI -BASE 2,14,quart,46.57
SCUFF-X INT SEMI -BASE 2,19,,218.37
SCUFF-X INT SEMI -BASE 3,43,quart,40.98
SCUFF-X INT SEMI -BASE 3,34,,190.41
SCUFF-X INT SEMI -BASE 4,19,quart,39.11
SCUFF-X INT SEMI -BASE 4,14,,181.07
AURA MATTE -BASE 1,5,quart,50.21
AURA MATTE -BASE 1,30,gallon,17.06
AURA MATTE -BASE 1,45,,249.41
AURA MATTE -BASE 2,25,quart,46.63
AURA MATTE -BASE 2,34,gallon,15.84
AURA MATTE -BASE 2,37,,231.48
AURA MATTE -BASE 3,24,quart,39.58
AURA MATTE -BASE 3,12,gallon,13.46
AURA MATTE -BASE 4,24,quart,42.15
AURA MATTE -BASE 4,27,gallon,14.33
AURA EGGSHELL -BASE 1,18,quart,50.21
AURA EGGSHELL -BASE 1,37,gallon,17.06
AURA EGGSHELL -BASE 1,33,,249.41
AURA EGGSHELL -BASE 2,20,quart,46.63
AURA EGGSHELL -BASE 2,41,gallon,15.84
AURA EGGSHELL -BASE 2,39,,231.48
AURA EGGSHELL -BASE 3,15,quart,39.58
AURA EGGSHELL -BASE 3,23,gallon,13.46
AURA EGGSHELL -BASE 4,44,quart,42.15
AURA EGGSHELL -BASE 4,30,gallon,14.33
AURA SATIN -BASE 1,40,quart,50.21
AURA SATIN -BASE 1,33,gallon,17.06
AURA SATIN -BASE 1,33,,249.41
AURA SATIN -BASE 2,41,quart,46.63
AURA SATIN -BASE 2,11,gallon,15.84
AURA SATIN -BASE 3,23,quart,39.58
AURA SATIN -BASE 3,11,gallon,13.46
AURA SATIN -BASE 4,15,quart,42.15
AURA SATIN -BASE 4,42,gallon,14.33
AURA SEMI GLOSS -WHITE,9,quart,53.91
AURA SEMI GLOSS -WHITE,13,gallon,17.14
AURA SEMI GLOSS -WHITE,44,,253.62
AURA SEMI GLOSS -BASE 1,21,quart,50.21
AURA SEMI GLOSS -BASE 1,5,gallon,17.06
AURA SEMI GLOSS -BASE 1,41,,250.06
AURA SEMI GLOSS -BASE 2,13,quart,46.63
AURA SEMI GLOSS -BASE 2,25,gallon,15.84
AURA SEMI GLOSS -BASE 3,25,quart,39.58
AURA SEMI GLOSS -BASE 3,35,gallon,13.46
AURA SEMI GLOSS -BASE 4,17,quart,42.15
AURA SEMI GLOSS -BASE 4,34,gallon,14.33
ULTRA SPEC 500 PRM -WHITE,39,quart,22.88
ULTRA SPEC 500 PRM -WHITE,36,,98.34
ULTRA SPEC 500 LS -BASE 1,45,,130.60
ULTRA SPEC 500 LS -BASE 2,12,,120.48
ULTRA SPEC 500 EGG -BASE 1,41,,130.60
ULTRA SPEC 500 EGG -BASE 4,31,,80.40
ULTRA SPEC 500 GLOS-BASE 1,7,,142.50
ULTRA SPEC 500 GLOS-BASE 4,11,,92.33
REGAL SELECT FLAT -WHITE,13,quart,39.39
REGAL SELECT FLAT -WHITE,29,gallon,16.91
REGAL SELECT FLAT -WHITE,7,,195.57
REGAL SELECT FLAT -SUPER WHT,18,quart,39.39
REGAL SELECT FLAT -SUPER WHT,8,,195.57
REGAL SELECT FLAT -DEC WHITE,23,quart,39.39
REGAL SELECT FLAT -DEC WHITE,43,,195.57
REGAL SELECT FLAT -WHITE DOVE,16,quart,39.39
REGAL SELECT FLAT -BASE 1,6,quart,37.60
REGAL SELECT FLAT -BASE 1,31,gallon,15.99
REGAL SELECT FLAT -BASE 1,12,,186.68
REGAL SELECT FLAT -BASE 2,31,quart,35.76
REGAL SELECT FLAT -BASE 2,42,gallon,15.28
REGAL SELECT FLAT -BASE 2,20,,177.45
REGAL SELECT FLAT -BASE 3,42,quart,30.20
REGAL SELECT FLAT -BASE 3,19,gallon,13.17
REGAL SELECT FLAT -BASE 3,29,,149.69
REGAL SELECT FLAT -BASE 4,9,quart,28.42
REGAL SELECT FLAT -BASE 4,34,gallon,12.49
REGAL SELECT FLAT -BASE 4,23,,140.78
REGAL SELECT FLAT -LINEN WHIT,31,quart,39.39
REGAL SELECT FLAT -LINEN WHIT,34,,195.57
REGAL SELECT FLAT -BLACK,18,quart,39.39
REGAL SELECT FLAT -BLACK,33,gallon,16.91
REGAL SELECT MAT -WHT,20,quart,43.58
REGAL SELECT MAT -WHT,6,gallon,16.99
REGAL SELECT MAT -WHT,38,,216.21
REGAL SELECT MAT -BASE 1,20,quart,41.80
REGAL SELECT MAT -BASE 1,44,gallon,16.29
REGAL SELECT MAT -BASE 1,39,,207.31
REGAL SELECT MAT -BASE 2,37,quart,39.94
REGAL SELECT MAT -BASE 2,29,gallon,15.57
REGAL SELECT MAT -BASE 2,9,,198.04
REGAL SELECT MAT -BASE 3,6,quart,34.41
REGAL SELECT MAT -BASE 3,10,gallon,13.42
REGAL SELECT MAT -BASE 3,31,,170.36
REGAL SELECT MAT -BASE 4,18,quart,32.63
REGAL SELECT MAT -BASE 4,25,gallon,12.73
REGAL SELECT MAT -BASE 4,11,,161.44
REGAL SELECT EGG -WHT,39,quart,43.58
REGAL SELECT EGG -WHT,9,gallon,16.91
REGAL SELECT EGG -WHT,21,,216.21
REGAL SELECT EGG -SUPER WHT,28,quart,43.58
REGAL SELECT EGG -SUPER WHT,37,,216.21
REGAL SELECT EGG -DEC WHT,15,quart,43.58
REGAL SELECT EGG -BASE 1,18,quart,41.80
REGAL SELECT EGG -BASE 1,41,gallon,16.29
REGAL SELECT EGG -BASE 1,20,,207.51
REGAL SELECT EGG -BASE 2,22,quart,39.94
REGAL SELECT EGG -BASE 2,14,gallon,15.57
REGAL SELECT EGG -BASE 2,32,,198.04
REGAL SELECT EGG -BASE 3,14,quart,34.41
REGAL SELECT EGG -BASE 3,29,gallon,13.42
REGAL SELECT EGG -BASE 3,10,,170.36
REGAL SELECT EGG -BASE 4,39,quart,32.63
REGAL SELECT EGG -BASE 4,20,gallon,12.73
REGAL SELECT EGG -BASE 4,19,,161.60
REGAL SELECT EGG -LINEN WHT,18,quart,43.58
REGAL SELECT SAT/PRL-WHITE,45,quart,43.58
REGAL SELECT SAT/PRL-WHITE,38,gallon,16.91
REGAL SELECT SAT/PRL-WHITE,24,,216.21
REGAL SELECT SAT/PRL-BASE 1,22,quart,41.80
REGAL SELECT SAT/PRL-BASE 1,18,gallon,16.29
REGAL SELECT SAT/PRL-BASE 1,32,,207.51
REGAL SELECT SAT/PRL-BASE 2,26,quart,39.94
REGAL SELECT SAT/PRL-BASE 2,11,gallon,15.57
REGAL SELECT SAT/PRL-BASE 2,41,,198.04
REGAL SELECT SAT/PRL-BASE 3,26,quart,34.41
REGAL SELECT SAT/PRL-BASE 3,38,gallon,13.42
REGAL SELECT SAT/PRL-BASE 4,37,quart,32.63
REGAL SELECT SAT/PRL-BASE 4,10,gallon,12.73
REGAL SELECT SEMI -WHITE,26,quart,43.58
REGAL SELECT SEMI -WHITE,19,gallon,16.91
REGAL SELECT SEMI -WHITE,32,,216.21
REGAL SELECT SEMI -SUPER WHT,36,quart,43.58
REGAL SELECT SEMI -SUPER WHT,11,gallon,16.91
REGAL SELECT SEMI -SUPER WHT,10,,216.21
REGAL SELECT SEMI -DEC WHITE,22,quart,43.58
REGAL SELECT SEMI -WHITE DOVE,10,quart,43.58
REGAL SELECT SEMI -BASE 1,45,quart,41.80
REGAL SELECT SEMI -BASE 1,38,gallon,16.29
REGAL SELECT SEMI -BASE 1,34,,207.51
REGAL SELECT SEMI -BASE 2,17,quart,39.94
REGAL SELECT SEMI -BASE 2,44,gallon,15.57
REGAL SELECT SEMI -BASE 2,33,,198.25
REGAL SELECT SEMI -BASE 3,16,quart,34.41
REGAL SELECT SEMI -BASE 3,39,gallon,13.42
REGAL SELECT SEMI -BASE 4,23,quart,32.63
REGAL SELECT SEMI -BASE 4,31,gallon,12.73
REGAL SELECT SEMI -LINEN WHIT,10,quart,43.58
REGAL SELECT SEMI -BLACK,25,quart,43.58
REGAL SELECT SEMI -BLACK,11,gallon,16.91
TOUGH WALLS SAT/PERL-WHITE,14,quart,30.25
TOUGH WALLS SAT/PERL-PASTEL BS,28,quart,28.63
TOUGH WALLS SAT/PERL-PASTEL BS,7,gallon,11.09
TOUGH WALLS SAT/PERL-PASTEL BS,9,,137.09
TOUGH WALLS SAT/PERL-TINT BASE,27,quart,27.01
TOUGH WALLS SAT/PERL-TINT BASE,41,gallon,10.68
TOUGH WALLS SAT/PERL-ACCENT BS,16,quart,20.52
TOUGH WALLS SAT/PERL-ACCENT BS,43,gallon,9.06
US MASNRY HB PRIMER -WHITE,6,quart,24.64
US MASNRY HB PRIMER -WHITE,32,,110.78
BEN INT LATEX MATTE -WHITE,26,quart,31.28
BEN INT LATEX MATTE -WHITE,24,gallon,11.56
BEN INT LATEX MATTE -BASE 1,37,quart,29.54
BEN INT LATEX MATTE -BASE 1,41,gallon,11.13
BEN INT LATEX MATTE -BASE 1,21,,145.94
BEN INT LATEX MATTE -BASE 2,34,quart,27.71
BEN INT LATEX MATTE -BASE 2,9,gallon,10.68
BEN INT LATEX MATTE -BASE 2,23,,136.84
BEN INT LATEX MATTE -BASE 3,13,quart,22.25
BEN INT LATEX MATTE -BASE 3,6,gallon,9.32
BEN INT LATEX MATTE -BASE 4,36,quart,20.52
BEN INT LATEX MATTE -BASE 4,23,gallon,8.88
BEN INT LTX EGGSHELL-WHITE,32,quart,32.29
BEN INT LTX EGGSHELL-WHITE,8,gallon,11.95
BEN INT LTX EGGSHELL-BASE 1,14,quart,30.62
BEN INT LTX EGGSHELL-BASE 1,32,gallon,11.53
BEN INT LTX EGGSHELL-BASE 1,23,,151.10
BEN INT LTX EGGSHELL-BASE 2,42,quart,28.87
BEN INT LTX EGGSHELL-BASE 2,37,gallon,11.10
BEN INT LTX EGGSHELL-BASE 2,44,,142.34
BEN INT LTX EGGSHELL-BASE 3,23,quart,23.62
BEN INT LTX EGGSHELL-BASE 3,10,gallon,9.79
BEN INT LTX EGGSHELL-BASE 4,34,quart,21.94
BEN INT LTX EGGSHELL-BASE 4,9,gallon,9.36
BEN INT LTX SEMI GLS-WHITE,25,quart,32.29
BEN INT LTX SEMI GLS-WHITE,38,gallon,11.95
BEN INT LTX SEMI GLS-WHITE,26,,151.67
BEN INT LTX SEMI GLS-BASE 1,43,quart,30.62
BEN INT LTX SEMI GLS-BASE 1,27,gallon,11.53
BEN INT LTX SEMI GLS-BASE 1,19,,143.80
BEN INT LTX SEMI GLS-BASE 2,5,quart,28.87
BEN INT LTX SEMI GLS-BASE 2,27,gallon,11.10
BEN INT LTX SEMI GLS-BASE 3,28,quart,23.62
BEN INT LTX SEMI GLS-BASE 3,42,gallon,9.79
BEN INT LTX SEMI GLS-BASE 4,6,quart,21.94
BEN INT LTX SEMI GLS-BASE 4,19,gallon,9.36
BEN INT LTX SATN/PRL -WHITE,27,quart,32.29
BEN INT LTX SATN/PRL -WHITE,31,gallon,11.95
BEN INT LTX SATN/PRL -BASE 1,10,quart,30.62
BEN INT LTX SATN/PRL -BASE 1,19,gallon,11.53
BEN INT LTX SATN/PRL -BASE 1,10,,151.67
BEN INT LTX SATN/PRL -BASE 2,21,quart,28.87
BEN INT LTX SATN/PRL -BASE 2,34,gallon,11.10
BEN INT LTX SATN/PRL -BASE 3,25,quart,23.62
BEN INT LTX SATN/PRL -BASE 3,7,gallon,9.79
BEN INT LTX SATN/PRL -BASE 4,28,quart,21.94
BEN INT LTX SATN/PRL -BASE 4,7,gallon,9.36
AURA EXTERIOR FLAT -WHITE,40,quart,53.91
AURA EXTERIOR FLAT -WHITE,28,gallon,18.34
AURA EXTERIOR FLAT -WHITE,33,,267.93
AURA EXTERIOR FLAT -BASE 1,13,quart,50.32
AURA EXTERIOR FLAT -BASE 1,9,gallon,17.12
AURA EXTERIOR FLAT -BASE 1,9,,249.93
AURA EXTERIOR FLAT -BASE 2,43,quart,46.70
AURA EXTERIOR FLAT -BASE 2,13,gallon,15.87
AURA EXTERIOR FLAT -BASE 2,30,,231.87
AURA EXTERIOR FLAT -BASE 3,29,quart,39.65
AURA EXTERIOR FLAT -BASE 3,28,gallon,13.49
AURA EXTERIOR FLAT -BASE 3,44,,196.64
AURA EXTERIOR FLAT -BASE 4,36,quart,42.27
AURA EXTERIOR FLAT -BASE 4,39,gallon,14.36
AURA EXTERIOR FLAT -BASE 4,41,,209.65
AURA EXTERIOR SATIN -WHITE,39,quart,53.91
AURA EXTERIOR SATIN -WHITE,41,gallon,18.34
AURA EXTERIOR SATIN -BASE 1,6,quart,50.32
AURA EXTERIOR SATIN-BASE 1,43,gallon,17.12
AURA EXTERIOR SATIN -BASE 2,26,quart,46.70
AURA EXTERIOR SATIN -BASE 2,11,gallon,15.87
AURA EXTERIOR SATIN -BASE 3,33,quart,39.65
AURA EXTERIOR SATIN -BASE 3,32,gallon,13.49
AURA EXTERIOR SATIN -BASE 4,38,quart,42.27
AURA EXTERIOR SATIN -BASE 4,17,gallon,14.36
AURA EXTERIOR SFT GL -WHITE,42,quart,53.91
AURA EXTERIOR SFT GL -WHITE,38,gallon,18.34
AURA EXTERIOR SFT GL -BASE 1,22,quart,50.32
AURA EXTERIOR SFT GL -BASE 1,10,gallon,17.12
AURA EXTERIOR SFT GL -BASE 2,39,quart,46.70
AURA EXTERIOR SFT GL -BASE 2,22,gallon,15.87
AURA EXTERIOR SFT GL -BASE 3,15,quart,39.65
AURA EXTERIOR SFT GL -BASE 3,27,gallon,13.49
AURA EXTERIOR SFT GL -BASE 4,39,quart,42.27
AURA EXTERIOR SFT GL -BASE 4,29,gallon,14.36
AURA EXT LOW LUSTRE -WHITE,39,quart,53.91
AURA EXT LOW LUSTRE -WHITE,38,gallon,18.34
AURA EXT LOW LUSTRE -WHITE,7,,267.93
AURA EXT LOW LUSTRE -BASE 1,28,quart,50.32
AURA EXT LOW LUSTRE -BASE 1,45,gallon,17.12
AURA EXT LOW LUSTRE -BASE 1,22,,249.93
AURA EXT LOW LUSTRE -BASE 2,16,quart,46.70
AURA EXT LOW LUSTRE -BASE 2,10,gallon,15.87
AURA EXT LOW LUSTRE -BASE 2,23,,231.87
AURA EXT LOW LUSTRE -BASE 3,30,quart,39.65
AURA EXT LOW LUSTRE -BASE 3,40,gallon,13.49
AURA EXT LOW LUSTRE -BASE 3,45,,196.64
AURA EXT LOW LUSTRE -BASE 4,28,quart,42.27
AURA EXT LOW LUSTRE -BASE 4,20,gallon,14.36
AURA EXT LOW LUSTRE -BASE 4,16,,209.65
ARBORCOAT WB SEMI -CLEAR TINT,33,quart,30.86
ARBORCOAT WB SEMI -CLEAR TINT,16,,152.91
ARBORCOAT WB SEMI -CLEAR TINT,23,,2.91
ARBORCOAT WB SEMI -YELLO TINT,13,,152.91
ARBORCOAT WB SEMI -YELLO TINT,36,,2.91
ARBORCOAT WB SEMI -RED TINT,35,,152.91
ARBORCOAT WB SEMI -RED TINT,40,,2.91
ADVANCE WB ALK HG -WHITE,9,quart,47.13
ADVANCE WB ALK HG -WHITE,8,gallon,18.85
ADVANCE WB ALK HG -BASE 1,12,quart,45.31
ADVANCE WB ALK HG -BASE 1,13,gallon,18.12
ADVANCE WB ALK HG -BASE 2,14,quart,43.41
ADVANCE WB ALK HG -BASE 2,12,gallon,17.37
ADVANCE WB ALK HG -BASE 3,10,quart,37.69
ADVANCE WB ALK HG -BASE 3,38,gallon,15.08
ADVANCE WB ALK HG -BASE 4,40,quart,35.85
ADVANCE WB ALK HG -BASE 4,30,gallon,14.34
ADVANCE WB ALK HG -BLACK,34,quart,47.13
ADVANCE WB ALK HG -BLACK,26,gallon,18.85
INSL-X CL CHGE CEIL -WHITE,40,quart,19.43
PRIME LOCK PLUS -WHITE,31,quart,25.17
PRIME LOCK PLUS -WHITE,39,gallon,8.12
PRIME LOCK PLUS -WHITE,45,,123.76
RUSTAVOID ALK S/G -WHT TINT,17,quart,45.64
RUSTAVOID ALK S/G -WHT TINT,24,gallon,17.58
RUSTAVOID ALK S/G -TINT BASE,8,quart,43.83
RUSTAVOID ALK S/G -TINT BASE,6,gallon,17.13
RUSTAVOID ALK S/G -ACCENT BSE,12,quart,36.58
RUSTAVOID ALK S/G -ACCENT BSE,12,gallon,15.32
RUSTAVOID UR GL EN -BSHIP GRAY,18,quart,46.32
RUSTAVOID UR GL EN -BSHIP GRAY,22,gallon,17.59
RUSTAVOID UR GL EN -WHT TINT,28,quart,44.51
RUSTAVOID UR GL EN -SAFETY RED,28,quart,46.32
RUSTAVOID UR GL EN -SAFETY RED,32,gallon,17.59
RUSTAVOID UR GL EN -SAFETY BLU,42,quart,46.32
RUSTAVOID UR GL EN -SAFETY BLU,44,gallon,17.59
RUSTAVOID UR GL EN -SAFETY ORN,44,quart,46.32
RUSTAVOID UR GL EN -WHT TINT,11,gallon,17.14
RUSTAVOID UR GL EN -WHT TINT,30,,218.95
RUSTAVOID UR GL EN -SAFETY YEL,40,quart,46.32
RUSTAVOID UR GL EN -SAFETY YEL,23,gallon,17.59
RUSTAVOID UR GL EN -SILVER GRA,16,quart,46.32
RUSTAVOID UR GL EN -SILVER GRA,31,gallon,17.59
RUSTAVOID UR GL EN -BLACK,30,quart,46.32
RUSTAVOID UR GL EN -BLACK,8,gallon,17.59
RUSTAVOID UR GL EN -BLACK,21,,228.01
RUSTAVOID UR GL EN -TINT BASE,34,quart,42.69
RUSTAVOID UR GL EN -TINT BASE,36,gallon,16.69
RUSTAVOID UR GL EN-ACCENT BASE,17,quart,35.44
RUSTAVOID UR GL EN-ACCENT BASE,8,gallon,14.87
RUSTAVOID SAT UR EN-WHT TINT,29,quart,44.51
RUSTAVOID SAT UR EN-WHT TINT,32,gallon,17.14
RUSTAVOID SAT UR EN-BLACK,21,quart,46.32
RUSTAVOID SAT UR EN-BLACK,44,gallon,17.59
RUSTAVOID SAT UR EN-TINT BASE,31,quart,42.69
RUSTAVOID SAT UR EN-TINT BASE,10,gallon,16.69
RUSTAVOID SAT UR EN-ACCENT BAS,16,quart,35.44
RUSTAVOID SAT UR EN-ACCENT BAS,44,gallon,14.87
RUSTAVOID SAT UR EN-DUR BRONZE,24,quart,46.32
REDUCED ODOR PRIMER-WHITE,21,quart,35.22
REDUCED ODOR PRIMER-WHITE,9,gallon,10.72
REDUCED ODOR PRIMER-WHITE,27,,173.25
RUBBER BSD POOL PT -WHITE,36,quart,67.13
RUBBER BSD POOL PT -WHITE,36,,333.67
RUBBER BSD POOL PT -AQUAMARINE,45,quart,67.13
RUBBER BSD POOL PT -AQUAMARINE,29,,333.67
RUBBER BSD POOL PT -SAT BLACK,27,quart,67.13
RUBBER BSD POOL PT -SATIN BLK,14,,333.67
RUBBER BSD POOL PT -OCEAN BLUE,24,quart,67.13
RUBBER BSD POOL PT -OCEAN BLUE,42,,333.67
RUBBER BSD POOL PT -ROYAL BLUE,40,quart,67.13
RUBBER BSD POOL PT -ROYAL BLUE,44,,333.67
SURE STEP -ACCENT BSE,17,,160.92
SURE STEP -WHITE,29,quart,38.45
SURE STEP -WHITE,13,,185.22
SURE STEP -GRAY PEARL,5,quart,38.45
SURE STEP -LIGHT GRY,7,quart,38.45
SURE STEP -TILE RED,33,quart,38.45
SURE STEP -PINE GREEN,14,quart,38.45
SURE STEP -DESERT SND,41,quart,38.45
SURE STEP -DESERT SND,26,,185.22
SURE STEP -SADDLE BRN,30,quart,38.45
SURE STEP -SADDLE BRN,10,,185.22
STIX ACR BOND PRIME-WHITE,20,quart,46.80
STIX ACR BOND PRIME-WHITE,41,gallon,13.11
STIX ACR BOND PRIME-WHITE,41,,219.88
ULTRA SPEC 500 FLAT -WHITE,21,quart,27.12
ULTRA SPEC 500 FLAT -WHITE,25,,117.24
ULTRA SPEC 500 FLAT -BASE 1,37,quart,25.19
ULTRA SPEC 500 FLAT -BASE 1,7,gallon,10.85
ULTRA SPEC 500 FLAT -BASE 1,16,,107.52
ULTRA SPEC 500 FLAT -BASE 2,37,quart,23.16
ULTRA SPEC 500 FLAT -BASE 2,40,gallon,10.05
ULTRA SPEC 500 FLAT -BASE 2,33,,97.41
ULTRA SPEC 500 FLAT -BASE 3,24,quart,17.08
ULTRA SPEC 500 FLAT -BASE 3,12,gallon,9.26
ULTRA SPEC 500 FLAT -BASE 3,44,,67.03
ULTRA SPEC 500 FLAT -BASE 4,41,quart,15.14
ULTRA SPEC 500 FLAT -BASE 4,27,gallon,6.06
ULTRA SPEC 500 FLAT -BASE 4,36,,57.33
ULTRA SPEC 500 LS -WHITE,10,quart,32.47
ULTRA SPEC 500 LS -WHITE,27,,140.32
ULTRA SPEC 500 LS -BASE 1,26,quart,30.52
ULTRA SPEC 500 LS -BASE 1,17,gallon,12.21
ULTRA SPEC 500 LS -BASE 1,45,,130.60
ULTRA SPEC 500 LS -BASE 2,32,quart,28.51
ULTRA SPEC 500 LS -BASE 2,26,gallon,11.40
ULTRA SPEC 500 LS -BASE 2,31,,120.48
ULTRA SPEC 500 LS -BASE 3,15,quart,22.44
ULTRA SPEC 500 LS -BASE 3,15,gallon,8.97
ULTRA SPEC 500 LS -BASE 3,8,,90.13
ULTRA SPEC 500 LS -BASE 4,35,quart,20.48
ULTRA SPEC 500 LS -BASE 4,19,gallon,8.19
ULTRA SPEC 500 LS -BASE 4,42,,80.40
ULTRA SPEC 500 EGG -WHITE,44,quart,32.47
ULTRA SPEC 500 EGG -WHITE,37,,140.32
ULTRA SPEC 500 EGG -BASE 1,27,quart,30.52
ULTRA SPEC 500 EGG -BASE 1,37,gallon,12.41
ULTRA SPEC 500 EGG -BASE 1,5,,130.60
ULTRA SPEC 500 EGG -BASE 2,34,quart,28.51
ULTRA SPEC 500 EGG -BASE 2,37,gallon,12.21
ULTRA SPEC 500 EGG -BASE 2,14,,120.48
ULTRA SPEC 500 EGG -BASE 3,36,quart,22.44
ULTRA SPEC 500 EGG -BASE 3,11,gallon,11.40
ULTRA SPEC 500 EGG -BASE 3,27,,90.13
ULTRA SPEC 500 EGG -BASE 4,8,quart,20.48
ULTRA SPEC 500 EGG -BASE 4,12,gallon,8.97
ULTRA SPEC 500 EGG -BASE 4,30,,80.40
ULTRA SPEC STN/PERL -WHITE,25,quart,33.24
ULTRA SPEC STN/PERL -WHITE,40,,145.81
ULTRA SPEC STN/PERL -BASE 1,28,quart,31.31
ULTRA SPEC STN/PERL -BASE 1,19,gallon,13.30
ULTRA SPEC STN/PERL -BASE 1,39,,136.08
ULTRA SPEC STN/PERL -BASE 2,36,quart,29.28
ULTRA SPEC STN/PERL -BASE 2,31,gallon,12.51
ULTRA SPEC STN/PERL -BASE 2,30,,125.98
ULTRA SPEC STN/PERL -BASE 3,45,quart,23.22
ULTRA SPEC STN/PERL -BASE 3,38,gallon,9.29
ULTRA SPEC STN/PERL -BASE 3,25,,95.59
ULTRA SPEC STN/PERL -BASE 4,9,quart,21.28
ULTRA SPEC STN/PERL -BASE 4,32,gallon,8.50
ULTRA SPEC STN/PERL -BASE 4,43,,85.91
ULTRA SPEC 500 SEMI -WHITE,19,quart,33.24
ULTRA SPEC 500 SEMI -WHITE,16,,152.20
ULTRA SPEC 500 SEMI -BASE 1,22,quart,31.31
ULTRA SPEC 500 SEMI -BASE 1,16,gallon,12.51
ULTRA SPEC 500 SEMI -BASE 1,13,,142.50
ULTRA SPEC 500 SEMI -BASE 2,14,quart,29.28
ULTRA SPEC 500 SEMI -BASE 2,39,gallon,11.73
ULTRA SPEC 500 SEMI -BASE 2,6,,132.38
ULTRA SPEC 500 SEMI -BASE 3,27,quart,23.22
ULTRA SPEC 500 SEMI -BASE 3,29,gallon,9.29
ULTRA SPEC 500 SEMI -BASE 3,40,,102.03
ULTRA SPEC 500 SEMI -BASE 4,28,quart,21.28
ULTRA SPEC 500 SEMI -BASE 4,32,gallon,8.50
ULTRA SPEC 500 SEMI -BASE 4,37,,92.33
BLOCK OUT EXT PRM -WHITE,8,quart,44.38
BLOCK OUT EXT PRM -WHITE,40,,215.93
LATEX TRAFFIC PAINT- RED,22,quart,31.08
ACRY LTX TRAF PT -WHITE,38,quart,19.07
ACRY LTX TRAF PT -WHITE,32,,93.91
ACRY LTX TRAF PT -BLACK,16,quart,19.07
ACRY LTX TRAF PT -BLACK,14,,93.91
ACRY LTX TRAF PT -HANDI BLUE,15,quart,19.28
ACRY LTX TRAF PT -HANDI BLUE,32,,94.94
FAST DRI LATEX TRAF-TRAFFIC WH,7,,129.25
ALKYD TRAFFIC PT -WHITE L/F,31,,114.38
INSLX LTX TRAFFIC -YELLOW,18,quart,20.81
INSLX LTX TRAFFIC -YELLOW,19,,102.62
INSLX ACRY FS TRAFF-YELLOW,25,,122.52
INSLX ALKYD TRAFF -YELLOW,32,quart,24.95
INSLX ALKYD TRAFF -YELLOW,19,,108.42
TRU-FLEX BOND COAT -,10,,149.67
TRU-FLEX PATCH -N LEVEL,19,,118.85
TRU-FLEX SMOOTH -LINE MARKG,37,quart,33.75
TRU-FLEX FILLER -NEUTRAL,22,,105.96
TRU-FLEX CUSHION -BLACK,15,,115.27
TRU-FLEX FIN COAT -GREEN,31,,118.85
TRU-FLEX FIN COAT -RED,33,,118.85
TRU-FLEX SMOOTH -BLUE,12,,118.85
TRU-FLEX F.C. -DARK GREEN,19,,118.85
TRU-FLEX RTU -GREEN,44,,141.36
TRU-FLEX -TRUE RED,39,,141.36
TRU-FLEX TEXTURED -BLUE,24,,141.36
TRU-FLEX TEXTURED -DARK GREEN,41,,141.36
COROTECH ACR SEALER-CLEAR,43,quart,17.88
COROTECH ACR SEALER-CLEAR,41,,81.65
ACRYLIC METAL PRIME-WHITE,44,quart,46.74
ACRYLIC METAL PRIME-WHITE,13,,230.19
ACRYLIC METAL PRIME-RED,27,quart,45.26
ACRYLIC METAL PRIME-RED,24,,222.37
COROTECH EPXY PRIME-RED,45,,216.88
COROTECH EPXY PRIME-GRAY,20,,216.88
UNIVERSAL MTL PRIME-GRAY,20,,269.51
PREP ALL UNIV PRIME-WHITE,39,quart,37.43
PREP ALL UNIV PRIME-WHITE,15,,183.01
PREP ALL UNIV PRIME-RED,35,quart,34.69
PREP ALL UNIV PRIME-RED,30,,169.32
PREP ALL UNIV PRIME-GRAY,16,quart,34.69
PREP ALL UNIV PRIME-GRAY,35,,169.32
SHOP COTE PRIMER -RED,19,quart,30.03
SHOP COTE PRIMER -RED,11,,144.91
SHOP COTE PRIMER -GRAY,10,quart,33.73
SHOP COTE PRIMER -GRAY,16,,166.58
ALK FABRICATION PR -WHITE,21,quart,49.07
ALK FABRICATION PR -RED,23,quart,45.47
ALK FABRICATION PR -RED,38,,223.76
SHOP PRIMER -RED,34,quart,19.31
SHOP PRIMER -RED,45,,90.26
SHOP PRIMER -GRAY,43,quart,19.31
SHOP PRIMER -GRAY,42,,90.26
POLY EPOXY PRIMER -RED,23,quart,74.08
POLY EPOXY PRIMER -GRAY,42,quart,74.08
POLY EPOXY PRIMER -CATALYST,42,quart,42.86
100% EPOXY PRE PRIM-CLEAR,25,quart,69.31
100% EPOXY PRE PRIM-CATALYST,25,gallon,29.08
MOIST TOL QUICK SET-CLEAR,44,quart,50.40
MOIST TOL QUICK SET-CLEAR,37,,244.55
MOIST TOL QUICK SET-CATALYST,16,quart,65.92
MOIST TOL QUICK SET-CATALYST,22,gallon,26.37
COAL TAR EPOXY -BLACK,40,quart,47.53
COAL TAR EPOXY -BLACK,21,,232.71
COAL TAR EPOXY -CATALYST 1G,9,quart,101.25
COAL TAR EPOXY -CATALYST,36,gallon,23.58
EPOXY MASTIC COAT -TINT WHITE,7,quart,74.15
EPOXY MASTIC COAT -DEEP BASE,17,quart,71.39
EPOXY MASTIC COAT -CLEAR BASE,17,quart,67.54
EPOXY MASTIC COAT -CATALYST,32,quart,55.19
EPOXY BLOCK FILLER -WHITE,37,quart,48.75
EPOXY BLOCK FILLER -CATAYST,24,quart,44.71
WB BONDING PRIMER -GREEN,26,quart,56.59
RUST ARRESTOR,25,quart,75.90
URETHANE ALK GLOSS -WHITE,17,quart,47.65
URETHANE ALK GLOSS -WHITE,8,,234.15
URETHANE ALK GLOSS -SFTY YELLO,29,quart,66.77
URETHANE ALK GLOSS -SAFETY RED,22,quart,66.77
URETHANE ALK GLOSS -SFTY BLUE,34,quart,66.77
URETHANE ALK GLOSS -SFTY GREEN,12,quart,52.34
URETHANE ALK GLOSS -BRONZETONE,25,quart,52.34
URETHANE ALK GLOSS -SILVER GRY,17,quart,47.65
URETHANE ALK GLOSS -BATTLE GRY,23,quart,47.65
URETHANE ALK GLOSS -ALUMINUM 1,25,quart,47.65
URETHANE ALK GLOSS -ALUMINUM 5,6,,234.15
URETHANE ALK GLOSS -BLACK,17,quart,47.65
URETHANE ALK GLOSS -BLACK,16,,234.15
URETHANE ALK GLOSS -WROUGHT BL,24,quart,54.16
URETHANE ALK GLOSS -PASTEL BSE,43,quart,45.86
URETHANE ALK GLOSS -PASTEL BSE,12,,227.16
URETHANE ALK GLOSS -TINT BASE,14,quart,44.08
URETHANE ALK GLOSS -TINT BASE,16,,218.25
URETHANE ALK GLOSS -DEEP BASE,38,quart,40.51
URETHANE ALK GLOSS -DEEP BASE,12,,200.40
URETHANE ALK GLOSS -CLEAR BASE,35,quart,33.37
URETHANE ALK GLOSS -CLEAR BASE,25,,164.73
ALKYD URETHANE SEMI-WHITE,5,quart,47.65
ALKYD URETHANE SEMI-BLACK,13,quart,47.65
ALKYD URETHANE SEMI-PASTEL BSE,41,quart,45.86
ALKYD URETHANE SEMI-TINT BASE,37,quart,44.08
ALKYD URETHANE SEMI-DEEP BASE,23,quart,40.51
ALKYD URETHANE SEMI-CLEAR BASE,40,quart,33.37
COROTECH WR ALKYD -BLACK,33,,166.35
COROTECH WR ALKYD -TINT WHITE,43,quart,35.67
COROTECH WR ALKYD -TINT WHITE,40,,166.35
COROTECH WR ALKYD -CLEAR BASE,11,quart,29.05
COROTECH WR ALKYD -CLEAR BASE,38,,143.80
COROTECH HS RAPID -SFTY YELLO,29,quart,79.06
COROTECH HS RAPID -SFTY YELLO,26,,392.19
COROTECH HS RAPID -SAFETY RED,39,quart,79.06
COROTECH HS RAPID -BLACK,21,quart,47.64
COROTECH HS RAPID -TINT WHITE,20,quart,63.91
COROTECH HS RAPID -DEEP BASE,42,quart,51.72
COROTECH HS RAPID -CLEAR BASE,15,quart,47.64
QUICK DRY ENAMEL -WHITE,15,quart,47.85
QUICK DRY ENAMEL -SFTY YELLO,38,quart,55.36
QUICK DRY ENAMEL -SAFETY RED,21,quart,55.36
QUICK DRY ENAMEL -SFTY ORANG,7,quart,55.36
QUICK DRY ENAMEL -LIGHT GRAY,32,quart,47.85
QUICK DRY ENAMEL -BATTL GRAY,8,quart,47.85
QUICK DRY ENAMEL -BLACK,40,quart,47.85
QUICK DRY ENAMEL -TINT WHITE,12,quart,43.96
QUICK DRY ENAMEL -DEEP BASE,17,quart,40.88
QUICK DRY ENAMEL -CLEAR BASE,25,quart,39.90
ELECTROSTATIC ALK ENAM -WH,12,quart,56.34
ELECTROSTATIC ALK ENAM -TINT W,32,quart,52.26
ELECTROSTATIC ALK ENAM - DP BA,44,quart,40.04
ELECTROSTATIC ALK ENAM - CL BA,30,quart,23.76
SILICONE ALK HI HT -ALUMINUM 1,7,quart,110.13
QD ACRYLIC DTM SP -CLEAR,13,quart,51.85
QD ACRYLIC DTM SP -WHITE,6,quart,51.85
QD ACRYLIC DTM SP -WHITE,42,,255.44
QD ACRYLIC DTM SP -SFTY YELLO,25,quart,59.01
QD ACRYLIC DTM SP -SFTY RED,39,quart,59.01
QD ACRYLIC DTM SP -SFTY BLUE,17,quart,57.09
QD ACRYLIC DTM SP -SFTY GREEN,15,quart,57.09
QD ACRYLIC DTM SP -BRONZETONE,39,quart,51.85
QD ACRYLIC DTM SP -LIGHT GRAY,16,quart,51.85
QD ACRYLIC DTM SP -BATTL GRAY,10,quart,51.85
QD ACRYLIC DTM SP -BLACK,24,quart,49.45
QD ACRYLIC DTM SP -FLAT BLACK,39,quart,49.45
QD ACRYLIC DTM SP -PASTEL BSE,21,quart,51.85
QD ACRYLIC DTM SP -PASTEL BSE,35,,255.44
QD ACRYLIC DTM SP -TINT BASE,11,quart,49.45
QD ACRYLIC DTM SP -TINT BASE,33,,243.26
QD ACRYLIC DTM SP -DEEP BASE,5,quart,46.44
QD ACRYLIC DTM SP -DEEP BASE,15,,228.29
QD ACRYLIC DTM SP -CLEAR BASE,29,quart,44.01
QD ACRYLIC DTM SP -CLEAR BASE,45,,216.12
ACRYLIC GLOSS DTM -WHITE,41,quart,46.93
ACRYLIC GLOSS DTM -WHITE,40,,230.99
ACRYLIC GLOSS DTM -SFTY YELLO,36,quart,54.18
ACRYLIC GLOSS DTM -SFTY RED,38,quart,54.18
ACRYLIC GLOSS DTM -SFTY BLUE,21,quart,53.66
ACRYLIC GLOSS DTM -BRONZETONE,34,quart,53.66
ACRYLIC GLOSS DTM -BLACK,8,quart,46.93
ACRYLIC GLOSS DTM -PASTEL BSE,14,quart,45.20
ACRYLIC GLOSS DTM -TINT BASE,7,quart,43.46
ACRYLIC GLOSS DTM -DEEP BASE,19,quart,39.11
ACRYLIC GLOSS DTM -CLEAR BASE,35,quart,32.99
ACRYLIC S-G DTM -WHITE,9,quart,46.93
ACRYLIC S-G DTM -WHITE,11,,230.99
ACRYLIC S-G DTM -PASTEL BSE,17,quart,45.20
ACRYLIC S-G DTM -PASTEL BSE,17,,223.87
ACRYLIC S-G DTM -TINT BASE,31,quart,43.46
ACRYLIC S-G DTM -TINT BASE,9,,215.17
ACRYLIC S-G DTM -DEEP BASE,31,quart,39.97
ACRYLIC S-G DTM -DEEP BASE,24,,197.74
ACRYLIC S-G DTM -CLEAR BASE,35,quart,32.99
ACRYLIC S-G DTM -CLEAR BASE,21,,162.86
PRE-CAT WB EPOXY SG-WHITE,35,quart,47.44
PRE-CAT WB EPOXY SG-WHITE,31,,234.74
PRE-CAT WB EPOXY SG-BASE 1,29,quart,47.44
PRE-CAT WB EPOXY SG-BASE 1,12,,234.74
PRE-CAT WB EPOXY SG-BASE 2,17,quart,46.44
PRE-CAT WB EPOXY SG-BASE 3,15,quart,43.62
PRE-CAT WB EPOXY SG-BASE 4,40,quart,41.23
PRE CAT EPXY EGGSH-WHITE,9,quart,47.44
PRE CAT EPXY EGGSH -WHITE,20,,234.74
PRE-CAT WB EPOXY EG-BASE 1,5,quart,47.44
PRE-CAT WB EPOXY EG-BASE 1,16,,234.74
PRE-CAT WB EPOXY EG-BASE 2,32,quart,46.44
PRE-CAT WB EPOXY EG-BASE 3,23,quart,43.62
PRE CAT WB EPOXY EG-BASE 4,12,quart,41.23
COROTECH COMM WB GL -WHITE,9,quart,55.03
COROTECH COMM WB GL-WHITE,14,,270.77
COROTECH COMM WB GL -SFTY YEL,34,quart,55.03
COROTECH COMM WB GL -BASE 1,6,quart,53.25
COROTECH COMM WB GL -BASE 1,45,,262.01
COROTECH COMM WB GL -RED,35,quart,55.03
COROTECH COMM WB GL -BASE 2,26,quart,51.47
COROTECH COMM WB GL -BASE 2,27,,253.26
COROTECH COMM WB GL -BASE 3,41,quart,46.13
COROTECH COMM WB GL -BASE 3,34,,227.00
COROTECH COMM WB GL -BASE 4,42,quart,44.35
COROTECH COMM WB GL -BASE 4,24,,218.21
COROTECH COMM WB GL -BLACK,14,quart,55.03
COROTECH COMM WB ST -WHITE,40,quart,55.03
COROTECH COMM WB ST-WHITE,14,,270.77
COROTECH COMM WB ST -BASE 1,32,quart,53.25
COROTECH COMM WB ST -BASE 1,33,,262.01
COROTECH COMM WB ST -BASE 2,30,quart,51.47
COROTECH COMM WB ST -BASE 2,20,,253.26
COROTECH COMM WB ST -BASE 3,12,quart,46.13
COROTECH COMM WB ST -BASE 3,10,,227.00
COROTECH COMM WB ST -BASE 4,13,quart,44.35
COROTECH COMM WB ST -BASE 4,14,,218.21
COROTECH COMM WB ST -BRONZE,36,quart,55.03
COROTECH COMM WB ST -BLACK,43,quart,55.03
COROTECH COMM WB ST -BLACK,9,,270.74
POLYAMIDE EPOXY GL -CLEAR,23,quart,59.97
POLYAMIDE EPOXY GL -SFTY YELLO,10,quart,91.47
POLYAMIDE EPOXY GL -SFTY RED,25,quart,83.54
POLYAMIDE EPOXY GL -SILVER GRY,25,quart,58.86
POLYAMIDE EPOXY GL -BATTLE GRY,16,quart,58.86
POLYAMIDE EPOXY GL -BLACK,39,quart,58.86
POLYAMIDE EPOXY GL -TINT WHITE,44,quart,63.56
POLYAMIDE EPOXY GL -DEEP BASE,9,quart,39.57
POLYAMIDE EPOXY GL -CLEAR BASE,17,quart,31.59
POLYAMIDE EPOXY GL -GLOSS CAT,35,quart,65.62
POLYAMIDE EPOXY GL -SEMI CATAL,40,quart,53.49
POLYAMIDE EPOXY GL -HG CATALYS,18,quart,79.85
FAST DRY POLY EPOXY-CLEAR,30,quart,76.86
FAST DRY POLY EPOXY-SILVER GRA,17,quart,76.86
FAST DRY POLY EPOXY-BSHIP GRAY,13,quart,76.86
FAST DRY POLY EPOXY-BLACK,5,quart,76.86
FAST DRY POLY EPOXY-TINT WHT,30,quart,76.86
FAST DRY POLY EPOXY-DEEP BSE,26,quart,74.08
FAST DRY POLY EPOXY-CLEAR BASE,41,quart,70.23
FAST DRY POLY EPOXY-CATALYST,18,quart,51.96
100% SOLIDS EPOXY -CLEAR,34,,101.42
100% SOLIDS EPOXY -CLEAR,15,,251.52
100% SOLIDS EPOXY -WHITE,39,,108.47
100% SOLIDS EPOXY -TERRA COTT,14,,108.47
100% SOLIDS EPOXY -SANDSTONE,10,,108.47
100% SOLIDS EPOXY -SILVER GRY,22,,108.47
100% SOLIDS EPOXY -SILVER GRY,13,,298.72
100% SOLIDS EPOXY -BSHIP GRAY,19,,298.72
100% SOLIDS EPOXY -CATALYST,6,quart,66.77
100% SOLIDS EPOXY -CATALYST,13,,133.54
WATERBORNE AMINE EP-CLEAR,12,quart,66.26
WATERBORNE AMINE EP-CLEAR,44,,259.28
WB AMINE EP -WHITE,25,quart,62.61
WB AMINE EP -TERRA COTT,34,quart,69.27
WB AMINE EP -SANDSTONE,37,quart,69.27
WATERBORNE AMINE EP-SILVER GRY,43,quart,56.59
WATERBORNE AMINE EP-SILVER GRY,16,,222.75
WB AMINE EP -BATTLE GRY,36,quart,56.59
WB AMINE EP -PASTL BASE,40,quart,61.39
WB AMINE EP -TINT BASE,19,quart,58.61
WB AMINE EP -DEEP BASE,23,quart,54.35
WB AMINE EP -CLEAR BSE,20,quart,48.17
WATERBORNE AMINE EP-CATALYST,44,quart,62.98
WATERBORNE AMINE EP-CATALYST,29,gallon,16.32
ALIPH ACR UR GLOSS -CLEAR,45,quart,67.33
ALIPH ACR UR GLOSS -WHITE,5,quart,96.76
ALIPH ACR UR GLOSS -BLACK,23,quart,89.99
ALIPH ACR UR GLOSS -TINT WHITE,41,quart,92.76
ALIPH ACR UR GLOSS -DEEP BASE,8,quart,80.76
ALIPH ACR UR GLOSS -CLEAR BASE,43,quart,64.78
ALIPH ACR UR GLOSS -CATALYST,44,gallon,35.56
ALIPH ACR URET SEMI-TINT WHITE,24,quart,101.49
ALIPH ACR URET SEMI-DEEP BASE,34,quart,89.49
ALIPH ACR URET SEMI-CLEAR BASE,35,quart,73.50
ALIPH ACR URET SEMI-CATALYST Q,41,gallon,57.57
COROTECH ALIPH GL A-BLACK,28,quart,42.37
COROTECH ALIPH GL A-DEEP BASE,37,quart,30.16
COROTECH ALIPH GL B-CATALYST Q,22,gallon,43.97
POLY URETHAN GLOSS -TINT WHITE,34,quart,78.40
POLY URETHAN GLOSS -DEEP BASE,30,quart,66.41
POLY URETHAN GLOSS -CLEAR BASE,24,quart,62.41
POLY URETHAN GLOSS -CATALYST Q,26,gallon,34.53
WB URETHANE GLOSS -CLEAR,13,quart,70.44
WB URETHANE GLOSS -WHITE,20,quart,78.32
WB URETHANE GLOSS -CATALYST QT,12,gallon,62.41
DTM MSTIC URTHNE GLS-BLACK,15,quart,82.88
DTM MSTIC URTHNE GLS-TINTABLE ,42,quart,85.44
DTM MSTIC URTHNE GLS-DEEP BASE,5,quart,74.39
DTM MSTIC URTHNE GLS-CLEAR BAS,19,quart,59.67
DTM MSTIC URTHNE CAT,12,gallon,31.19
DTM MSTIC URTHNE SAT-BLACK,13,quart,82.88
DTM MSTIC URTHNE SAT-TINTABLE ,11,quart,85.44
DTM MSTIC URTHNE SAT-DEEP BASE,32,quart,74.39
DTM MSTIC URTHNE SAT-CLEAR BAS,19,quart,59.67
OIL & GREASE EMULSIFIER,38,quart,48.23
URETHANE REDUCER 1G,39,quart,47.12
SPRAY REDUCER 1G,16,quart,37.85
XYLENE 1G,30,quart,28.26
GLOS & HARDNESS ALK-CATALYST P,14,,26.59
INSL-X VAP BARRIER -WHITE,29,quart,20.84
INSL-X VAP BARRIER -WHITE,20,,96.82
REGAL EXT MOORGLO -BRIL WHITE,32,quart,47.56
REGAL EXT MOORGLO -BRIL WHITE,18,gallon,18.07
REGAL EXT MOORGLO -BRIL WHITE,38,,236.14
REGAL EXT MOORGLO -PASTEL BSE,5,quart,46.20
REGAL EXT MOORGLO -PASTEL BSE,28,gallon,17.56
REGAL EXT MOORGLO -PASTEL BSE,43,,229.32
REGAL EXT MOORGLO -MEDIUM BSE,15,quart,44.68
REGAL EXT MOORGLO -MEDIUM BSE,28,gallon,16.98
REGAL EXT MOORGLO -MEDIUM BSE,34,,221.76
REGAL EXT MOORGLO -DEEP BASE,19,quart,40.39
REGAL EXT MOORGLO -DEEP BASE,27,gallon,15.35
REGAL EXT MOORGLO -DEEP BASE,32,,200.28
REGAL EXT MOORGLO -ULTRA BASE,40,quart,37.23
REGAL EXT MOORGLO -ULTRA BASE,38,gallon,14.15
REGAL EXT MOORGLO -ULTRA BASE,31,,184.45
REGAL EXT MOORGLO -BLACK,23,quart,47.56
REGAL EXT MOORGLO -BLACK,9,gallon,18.07
REGAL EXT MOORGARD -BRIL WH,9,quart,47.56
REGAL EXT MOORGARD -BRIL WH,8,gallon,18.07
REGAL EXT MOORGARD -BRIL WH,31,,237.77
REGAL EXT MOORGARD -PASTEL BSE,28,quart,46.27
REGAL EXT MOORGARD -PASTEL BSE,12,gallon,17.59
REGAL EXT MOORGARD -PASTEL BSE,43,,231.29
REGAL EXT MOORGARD -MED BASE,40,quart,44.81
REGAL EXT MOORGARD -MED BASE,12,gallon,17.05
REGAL EXT MOORGARD -MED BASE,16,,224.09
REGAL EXT MOORGARD -DEEP BASE,25,quart,40.71
REGAL EXT MOORGARD -DEEP BASE,37,gallon,15.48
REGAL EXT MOORGARD -DEEP BASE,33,,203.39
REGAL EXT MOORGARD -ULTRA BASE,16,quart,37.69
REGAL EXT MOORGARD -ULTRA BASE,33,gallon,14.33
REGAL EXT MOORGARD -ULTRA BASE,40,,188.22
REGAL EXT MOORGARD -BLACK,33,quart,47.56
REGAL EXT MOORGARD -BLACK,19,gallon,18.07
REGAL EXT MOORLIFE -BRIL WH,31,quart,38.67
REGAL EXT MOORLIFE -BRIL WH,38,gallon,14.69
REGAL EXT MOORLIFE -BRIL WH,18,,191.62
REGAL EXT MOORLIFE -PASTEL BSE,17,quart,37.33
REGAL EXT MOORLIFE -PASTEL BSE,30,gallon,14.18
REGAL EXT MOORLIFE -PASTEL BSE,43,,184.87
REGAL EXT MOORLIFE -MED BASE,9,quart,35.81
REGAL EXT MOORLIFE -MED BASE,32,gallon,13.60
REGAL EXT MOORLIFE -MED BASE,41,,177.37
REGAL EXT MOORLIFE -DEEP BASE,31,quart,31.51
REGAL EXT MOORLIFE -DEEP BASE,5,gallon,11.97
REGAL EXT MOORLIFE -DEEP BASE,8,,155.82
REGAL EXT MOORLIFE -ULTRA BASE,27,quart,28.34
REGAL EXT MOORLIFE -ULTRA BASE,31,gallon,10.78
REGAL EXT MOORLIFE -ULTRA BASE,11,,139.96
IMPERVEX LATEX HG -PASTEL BSE,9,quart,61.87
IMPERVEX LATEX HG -PASTEL BSE,12,gallon,22.28
IMPERVEX LATEX HG -MEDIUM BSE,9,quart,60.33
IMPERVEX LATEX HG -DEEP BASE,42,quart,55.88
IMPERVEX LATEX HG -ULTRA BASE,41,quart,52.61
IMPERVEX LATEX HG -ULTRA BASE,39,gallon,18.95
IMPERVEX LATEX HG -BLACK,11,quart,63.26
IMPERVEX LATEX HG -BLACK,29,gallon,22.76
K & B ACR LTX SATIN-WHITE,35,quart,42.87
K & B ACR LTX SATIN-WHITE,42,gallon,16.26
K & B ACR LTX SATIN-BASE 1,43,quart,41.77
K & B ACR LTX SATIN-BASE 1,17,gallon,16.01
K & B ACR LTX SATIN-BASE 2,36,quart,39.07
K & B ACR LTX SATIN-BASE 2,5,gallon,15.34
K & B ACR LTX SATIN-BASE 3,19,quart,32.85
K & B ACR LTX SATIN-BASE 4,23,quart,30.59
STAYS CLEAR GLOSS -CLEAR,5,quart,65.13
STAYS CLEAR GLOSS -CLEAR,19,gallon,24.11
STAYS CLEAR LL -CLEAR,23,quart,65.13
STAYS CLEAR LL -CLEAR,9,gallon,24.26
STAYS CLEAR FLAT-CLEAR,44,quart,65.13
STAYS CLEAR FLAT-CLEAR,19,gallon,23.45
ARBORCOAT TRANSLUCE-NATURAL,40,,3.00
ARBORCOAT TRANSLUCE-REDWOOD,5,quart,29.51
ARBORCOAT TRANSLUCE-REDWOOD,22,,3.00
ARBORCOAT TRANSLUCE-TEAK,30,quart,29.51
ARBORCOAT TRANSLUCE-TEAK,5,,3.00
ARBORCOAT TRANSLUCE-CEDAR,26,quart,29.51
ARBORCOAT TRANSLUCE-CEDAR,28,,3.00
ARBORCOAT TRANSLUCE-MAHOGANY,30,quart,29.51
ARBORCOAT TRANSLUCE-MAHOGANY,28,,3.00
ARBORCOAT TRANSLUCE-SILVER GRY,22,quart,29.51
ARBORCOAT TRANSLUCE-SILVER GRY,29,,3.00
BEN INT LATEX FLAT -BASE 2,25,,131.57
BEN LATEX EGGSHELL -BASE 1,12,quart,30.62
BEN LATEX EGGSHELL -BASE 2,19,quart,28.87
BEN LATEX EGGSHELL -BASE 2,36,,142.34
BEN LATEX EGGSHELL -BASE 3,28,quart,23.62
BEN INT LATEX SEMI -BASE 1,20,quart,30.62
INSL-X WATERPROOFER -CLEAR,36,quart,15.19
WB POOL PAINT -RED,23,quart,59.80
WB POOL PAINT -WHITE,25,quart,59.80
WB POOL PAINT -WHITE,10,,297.13
WB POOL PAINT -AQUAMARINE,8,quart,59.80
WB POOL PAINT -BLACK,32,quart,59.80
WB POOL PAINT -OCEAN BLUE,12,quart,59.80
WB POOL PAINT -OCEAN BLUE,17,,297.13
WB POOL PAINT -ROYAL BLUE,37,quart,59.80
WB POOL PAINT -ROYAL BLUE,28,,297.13
SATIN IMPERVO -WHITE,10,quart,69.61
SATIN IMPERVO -WHITE,12,gallon,25.06
SATIN IMPERVO -PASTEL BSE,12,quart,68.17
SATIN IMPERVO -PASTEL BSE,44,gallon,24.52
SATIN IMPERVO -MEDIUM BSE,21,quart,66.57
SATIN IMPERVO -MEDIUM BSE,9,gallon,23.97
SATIN IMPERVO -DEEP BASE,36,quart,62.00
SATIN IMPERVO -DEEP BASE,7,gallon,22.32
SATIN IMPERVO -ULTRA BASE,11,quart,58.64
SATIN IMPERVO -ULTRA BASE,36,gallon,21.10
SATIN IMPERVO -LINEN WHTE,41,quart,69.61
